"Date","ID","ScheduledFormattedTime","HomeLongName","HomeGoals","VisitorLongName","VisitorGoals"
"2026-09-18","28993","7:00 pm","Brampton Steelheads","2","Oshawa Generals","3"
"2026-09-18","28994","7:00 pm","Brantford Bulldogs","3","Niagara IceDogs","1"
"2026-09-18","28996","7:00 pm","Kitchener Rangers","0","Owen Sound Attack","1"
"2026-09-18","28997","7:00 pm","London Knights","3","Windsor Spitfires","2"
"2026-09-18","28998","7:00 pm","North Bay Battalion","2","Barrie Colts","1"
"2026-09-18","29000","7:05 pm","Sudbury Wolves","2","Peterborough Petes","1"
"2026-09-18","28995","7:07 pm","Guelph Storm","1","Erie Otters","5"
"2026-09-18","28999","7:07 pm","Soo Greyhounds","5","Saginaw Spirit","4"
"2026-09-19","29002","4:00 pm","Brantford Bulldogs","6","Guelph Storm","0"
"2026-09-19","29003","7:00 pm","Niagara IceDogs","4","Brampton Steelheads","1"
"2026-09-19","29004","7:00 pm","Owen Sound Attack","1","Kitchener Rangers","4"
"2026-09-19","29005","7:05 pm","Saginaw Spirit","4","Flint Firebirds","5"
"2026-09-19","29007","7:05 pm","Windsor Spitfires","2","London Knights","6"
"2026-09-19","29006","7:07 pm","Soo Greyhounds","3","Sarnia Sting","4"
"2026-09-19","29001","7:30 pm","Barrie Colts","0","Sudbury Wolves","6"
"2026-09-20","29008","3:05 pm","Kingston Frontenacs","3","Ottawa 67's","2"
"2026-09-20","29009","6:05 pm","Oshawa Generals","7","North Bay Battalion","2"
"2026-09-24","29010","7:00 pm","North Bay Battalion","5","Brampton Steelheads","2"
"2026-09-24","29011","7:05 pm","Peterborough Petes","7","Sarnia Sting","4"
"2026-09-25","29012","7:00 pm","Brantford Bulldogs","0","Peterborough Petes","0"
"2026-09-25","29015","7:00 pm","Kitchener Rangers","0","Erie Otters","0"
"2026-09-25","29016","7:00 pm","London Knights","0","Owen Sound Attack","0"
"2026-09-25","29014","7:05 pm","Kingston Frontenacs","0","Sarnia Sting","0"
"2026-09-25","29017","7:05 pm","Saginaw Spirit","0","Niagara IceDogs","0"
"2026-09-25","29019","7:05 pm","Sudbury Wolves","0","Barrie Colts","0"
"2026-09-25","29020","7:05 pm","Windsor Spitfires","0","Flint Firebirds","0"
"2026-09-25","29013","7:07 pm","Guelph Storm","0","Oshawa Generals","0"
"2026-09-25","29018","7:07 pm","Soo Greyhounds","0","Brampton Steelheads","0"
"2026-09-26","29023","6:00 pm","Erie Otters","0","Kitchener Rangers","0"
"2026-09-26","29022","7:00 pm","Brantford Bulldogs","0","Kingston Frontenacs","0"
"2026-09-26","29024","7:00 pm","Flint Firebirds","0","Niagara IceDogs","0"
"2026-09-26","29025","7:00 pm","Owen Sound Attack","0","Guelph Storm","0"
"2026-09-26","29026","7:05 pm","Peterborough Petes","0","Ottawa 67's","0"
"2026-09-26","29027","7:05 pm","Saginaw Spirit","0","Windsor Spitfires","0"
"2026-09-26","29028","7:07 pm","Soo Greyhounds","0","North Bay Battalion","0"
"2026-09-26","29021","7:30 pm","Barrie Colts","0","Oshawa Generals","0"
"2026-09-27","29032","2:05 pm","Sudbury Wolves","0","Brampton Steelheads","0"
"2026-09-27","29031","3:00 pm","Ottawa 67's","0","Sarnia Sting","0"
"2026-09-27","29029","6:00 pm","Kitchener Rangers","0","Kingston Frontenacs","0"
"2026-09-27","29030","6:05 pm","Oshawa Generals","0","Brantford Bulldogs","0"
"2026-10-01","29033","7:00 pm","Barrie Colts","0","Niagara IceDogs","0"
"2026-10-01","29034","7:05 pm","Peterborough Petes","0","Erie Otters","0"
"2026-10-01","29035","7:05 pm","Windsor Spitfires","0","North Bay Battalion","0"
"2026-10-02","29036","7:00 pm","Brantford Bulldogs","0","Brampton Steelheads","0"
"2026-10-02","29039","7:00 pm","Kitchener Rangers","0","Saginaw Spirit","0"
"2026-10-02","29040","7:00 pm","London Knights","0","North Bay Battalion","0"
"2026-10-02","29038","7:05 pm","Kingston Frontenacs","0","Peterborough Petes","0"
"2026-10-02","29041","7:05 pm","Oshawa Generals","0","Ottawa 67's","0"
"2026-10-02","29042","7:05 pm","Sarnia Sting","0","Soo Greyhounds","0"
"2026-10-02","29043","7:05 pm","Sudbury Wolves","0","Niagara IceDogs","0"
"2026-10-02","29037","7:07 pm","Guelph Storm","0","Windsor Spitfires","0"
"2026-10-03","29048","3:00 pm","Ottawa 67's","0","Erie Otters","0"
"2026-10-03","29045","4:00 pm","Brampton Steelheads","0","Saginaw Spirit","0"
"2026-10-03","29046","4:00 pm","Brantford Bulldogs","0","North Bay Battalion","0"
"2026-10-03","29047","7:00 pm","Flint Firebirds","0","Soo Greyhounds","0"
"2026-10-03","29049","7:00 pm","Owen Sound Attack","0","Windsor Spitfires","0"
"2026-10-03","29044","7:30 pm","Barrie Colts","0","Sarnia Sting","0"
"2026-10-04","29052","2:00 pm","London Knights","0","Flint Firebirds","0"
"2026-10-04","29054","2:00 pm","Owen Sound Attack","0","Brantford Bulldogs","0"
"2026-10-04","29051","2:05 pm","Kingston Frontenacs","0","Erie Otters","0"
"2026-10-04","29050","2:07 pm","Guelph Storm","0","Kitchener Rangers","0"
"2026-10-04","29053","6:05 pm","Oshawa Generals","0","Sarnia Sting","0"
"2026-10-07","29055","7:00 pm","Flint Firebirds","0","Kitchener Rangers","0"
"2026-10-08","29056","7:00 pm","Barrie Colts","0","Kingston Frontenacs","0"
"2026-10-08","29057","7:00 pm","Niagara IceDogs","0","Ottawa 67's","0"
"2026-10-08","29058","7:00 pm","North Bay Battalion","0","Sudbury Wolves","0"
"2026-10-09","29059","7:00 pm","Brampton Steelheads","0","Kingston Frontenacs","0"
"2026-10-09","29061","7:00 pm","London Knights","0","Erie Otters","0"
"2026-10-09","29062","7:05 pm","Sarnia Sting","0","Oshawa Generals","0"
"2026-10-09","29064","7:05 pm","Sudbury Wolves","0","Peterborough Petes","0"
"2026-10-09","29060","7:07 pm","Guelph Storm","0","Owen Sound Attack","0"
"2026-10-09","29063","7:07 pm","Soo Greyhounds","0","Kitchener Rangers","0"
"2026-10-10","29065","4:00 pm","Brantford Bulldogs","0","Kingston Frontenacs","0"
"2026-10-10","29066","6:00 pm","Erie Otters","0","Ottawa 67's","0"
"2026-10-10","29067","7:00 pm","Flint Firebirds","0","Sarnia Sting","0"
"2026-10-10","29068","7:00 pm","Niagara IceDogs","0","Barrie Colts","0"
"2026-10-10","29069","7:00 pm","Owen Sound Attack","0","Guelph Storm","0"
"2026-10-10","29070","7:05 pm","Saginaw Spirit","0","Kitchener Rangers","0"
"2026-10-10","29072","7:05 pm","Windsor Spitfires","0","Oshawa Generals","0"
"2026-10-10","29071","7:07 pm","Soo Greyhounds","0","Peterborough Petes","0"
"2026-10-11","29073","2:00 pm","Brantford Bulldogs","0","Ottawa 67's","0"
"2026-10-11","29074","4:00 pm","Erie Otters","0","Barrie Colts","0"
"2026-10-12","29075","2:00 pm","North Bay Battalion","0","Peterborough Petes","0"
"2026-10-12","29076","2:05 pm","Windsor Spitfires","0","Saginaw Spirit","0"
"2026-10-13","29077","7:00 pm","Kitchener Rangers","0","London Knights","0"
"2026-10-14","29078","7:05 pm","Sarnia Sting","0","Guelph Storm","0"
"2026-10-15","29079","7:00 pm","Niagara IceDogs","0","Soo Greyhounds","0"
"2026-10-15","29080","7:05 pm","Peterborough Petes","0","North Bay Battalion","0"
"2026-10-15","29081","7:05 pm","Windsor Spitfires","0","Sudbury Wolves","0"
"2026-10-16","29082","7:00 pm","Brampton Steelheads","0","Ottawa 67's","0"
"2026-10-16","29083","7:00 pm","Brantford Bulldogs","0","Barrie Colts","0"
"2026-10-16","29084","7:00 pm","Erie Otters","0","Soo Greyhounds","0"
"2026-10-16","29087","7:00 pm","Kitchener Rangers","0","Niagara IceDogs","0"
"2026-10-16","29088","7:00 pm","London Knights","0","Sudbury Wolves","0"
"2026-10-16","29086","7:05 pm","Kingston Frontenacs","0","Oshawa Generals","0"
"2026-10-16","29089","7:05 pm","Sarnia Sting","0","Saginaw Spirit","0"
"2026-10-16","29090","7:05 pm","Windsor Spitfires","0","Owen Sound Attack","0"
"2026-10-16","29085","7:07 pm","Guelph Storm","0","Flint Firebirds","0"
"2026-10-17","29092","6:00 pm","Erie Otters","0","London Knights","0"
"2026-10-17","29091","7:00 pm","Brampton Steelheads","0","Kingston Frontenacs","0"
"2026-10-17","29093","7:00 pm","Flint Firebirds","0","Owen Sound Attack","0"
"2026-10-17","29094","7:00 pm","Ottawa 67's","0","Oshawa Generals","0"
"2026-10-17","29095","7:05 pm","Peterborough Petes","0","Barrie Colts","0"
"2026-10-17","29096","7:05 pm","Saginaw Spirit","0","Sarnia Sting","0"
"2026-10-18","29097","2:00 pm","Brantford Bulldogs","0","Soo Greyhounds","0"
"2026-10-18","29099","2:00 pm","North Bay Battalion","0","Niagara IceDogs","0"
"2026-10-18","29098","2:07 pm","Guelph Storm","0","Sudbury Wolves","0"
"2026-10-18","29101","5:30 pm","Saginaw Spirit","0","Owen Sound Attack","0"
"2026-10-18","29100","6:05 pm","Oshawa Generals","0","Kitchener Rangers","0"
"2026-10-21","29102","7:05 pm","Sarnia Sting","0","London Knights","0"
"2026-10-22","29103","7:00 pm","Barrie Colts","0","Owen Sound Attack","0"
"2026-10-22","29104","7:00 pm","North Bay Battalion","0","Sudbury Wolves","0"
"2026-10-22","29105","7:05 pm","Peterborough Petes","0","Oshawa Generals","0"
"2026-10-22","29106","7:07 pm","Soo Greyhounds","0","Windsor Spitfires","0"
"2026-10-23","29107","7:00 pm","Brampton Steelheads","0","Brantford Bulldogs","0"
"2026-10-23","29109","7:00 pm","Kitchener Rangers","0","Guelph Storm","0"
"2026-10-23","29110","7:00 pm","London Knights","0","Sarnia Sting","0"
"2026-10-23","29111","7:00 pm","Niagara IceDogs","0","Erie Otters","0"
"2026-10-23","29108","7:05 pm","Kingston Frontenacs","0","Ottawa 67's","0"
"2026-10-23","29112","7:05 pm","Oshawa Generals","0","Peterborough Petes","0"
"2026-10-23","29113","7:05 pm","Saginaw Spirit","0","Flint Firebirds","0"
"2026-10-23","29114","7:05 pm","Sudbury Wolves","0","North Bay Battalion","0"
"2026-10-24","29117","6:00 pm","Erie Otters","0","Niagara IceDogs","0"
"2026-10-24","29116","7:00 pm","Brantford Bulldogs","0","Brampton Steelheads","0"
"2026-10-24","29118","7:00 pm","Flint Firebirds","0","Saginaw Spirit","0"
"2026-10-24","29119","7:00 pm","Owen Sound Attack","0","London Knights","0"
"2026-10-24","29120","7:05 pm","Windsor Spitfires","0","Soo Greyhounds","0"
"2026-10-24","29115","7:30 pm","Barrie Colts","0","North Bay Battalion","0"
"2026-10-25","29121","2:00 pm","Brampton Steelheads","0","Erie Otters","0"
"2026-10-25","29126","2:00 pm","Owen Sound Attack","0","Barrie Colts","0"
"2026-10-25","29123","2:07 pm","Guelph Storm","0","Kitchener Rangers","0"
"2026-10-25","29125","3:00 pm","Ottawa 67's","0","Kingston Frontenacs","0"
"2026-10-25","29122","4:00 pm","Flint Firebirds","0","Soo Greyhounds","0"
"2026-10-25","29124","6:05 pm","Oshawa Generals","0","Sudbury Wolves","0"
"2026-10-28","29127","10:30 am","Ottawa 67's","0","Brampton Steelheads","0"
"2026-10-28","29128","10:30 am","Owen Sound Attack","0","Sarnia Sting","0"
"2026-10-28","29129","7:07 pm","Soo Greyhounds","0","Saginaw Spirit","0"
"2026-10-29","29130","7:00 pm","North Bay Battalion","0","London Knights","0"
"2026-10-29","29131","7:05 pm","Peterborough Petes","0","Brantford Bulldogs","0"
"2026-10-29","29132","7:05 pm","Windsor Spitfires","0","Erie Otters","0"
"2026-10-30","29133","7:00 pm","Brampton Steelheads","0","Oshawa Generals","0"
"2026-10-30","29135","7:00 pm","Kitchener Rangers","0","Flint Firebirds","0"
"2026-10-30","29136","7:00 pm","Niagara IceDogs","0","North Bay Battalion","0"
"2026-10-30","29137","7:00 pm","Ottawa 67's","0","Brantford Bulldogs","0"
"2026-10-30","29134","7:05 pm","Kingston Frontenacs","0","Peterborough Petes","0"
"2026-10-30","29138","7:05 pm","Saginaw Spirit","0","Barrie Colts","0"
"2026-10-30","29139","7:05 pm","Sarnia Sting","0","Erie Otters","0"
"2026-10-30","29141","7:05 pm","Sudbury Wolves","0","London Knights","0"
"2026-10-30","29140","7:07 pm","Soo Greyhounds","0","Guelph Storm","0"
"2026-10-31","29142","2:00 pm","Flint Firebirds","0","Barrie Colts","0"
"2026-10-31","29143","2:00 pm","Owen Sound Attack","0","Windsor Spitfires","0"
"2026-10-31","29144","4:00 pm","Saginaw Spirit","0","Guelph Storm","0"
"2026-11-01","29145","2:00 pm","Brampton Steelheads","0","Windsor Spitfires","0"
"2026-11-01","29147","2:00 pm","Niagara IceDogs","0","Peterborough Petes","0"
"2026-11-01","29148","2:00 pm","North Bay Battalion","0","Val-d'Or","0"
"2026-11-01","29146","2:05 pm","Kingston Frontenacs","0","Brantford Bulldogs","0"
"2026-11-01","29150","2:05 pm","Sarnia Sting","0","Flint Firebirds","0"
"2026-11-01","29152","2:05 pm","Sudbury Wolves","0","Rouyn-Noranda Huskies","0"
"2026-11-01","29151","2:07 pm","Soo Greyhounds","0","London Knights","0"
"2026-11-01","29149","6:05 pm","Oshawa Generals","0","Ottawa 67's","0"
"2026-11-03","29153","7:00 pm","Kitchener Rangers","0","Guelph Storm","0"
"2026-11-04","29155","10:30 am","Ottawa 67's","0","Kingston Frontenacs","0"
"2026-11-04","29154","6:00 pm","Barrie Colts","0","Sudbury Wolves","0"
"2026-11-04","29156","7:05 pm","Sarnia Sting","0","Owen Sound Attack","0"
"2026-11-04","29157","7:07 pm","Soo Greyhounds","0","Erie Otters","0"
"2026-11-05","29158","7:00 pm","Niagara IceDogs","0","Brampton Steelheads","0"
"2026-11-05","29159","7:05 pm","Peterborough Petes","0","Windsor Spitfires","0"
"2026-11-06","29160","7:00 pm","Flint Firebirds","0","Erie Otters","0"
"2026-11-06","29163","7:00 pm","Kitchener Rangers","0","North Bay Battalion","0"
"2026-11-06","29164","7:00 pm","London Knights","0","Saginaw Spirit","0"
"2026-11-06","29165","7:00 pm","Ottawa 67's","0","Windsor Spitfires","0"
"2026-11-06","29162","7:05 pm","Kingston Frontenacs","0","Oshawa Generals","0"
"2026-11-06","29166","7:05 pm","Sarnia Sting","0","Brantford Bulldogs","0"
"2026-11-06","29167","7:05 pm","Sudbury Wolves","0","Soo Greyhounds","0"
"2026-11-06","29161","7:07 pm","Guelph Storm","0","Owen Sound Attack","0"
"2026-11-07","29169","4:07 pm","Guelph Storm","0","North Bay Battalion","0"
"2026-11-07","29168","7:00 pm","Flint Firebirds","0","Brampton Steelheads","0"
"2026-11-07","29170","7:00 pm","Owen Sound Attack","0","Kitchener Rangers","0"
"2026-11-07","29171","7:05 pm","Saginaw Spirit","0","Erie Otters","0"
"2026-11-07","29172","7:07 pm","Soo Greyhounds","0","Barrie Colts","0"
"2026-11-08","29173","2:05 pm","Kingston Frontenacs","0","Windsor Spitfires","0"
"2026-11-08","29175","2:05 pm","Peterborough Petes","0","Niagara IceDogs","0"
"2026-11-08","29177","2:05 pm","Sarnia Sting","0","London Knights","0"
"2026-11-08","29178","2:05 pm","Sudbury Wolves","0","Barrie Colts","0"
"2026-11-08","29176","5:30 pm","Saginaw Spirit","0","Brampton Steelheads","0"
"2026-11-08","29174","6:05 pm","Oshawa Generals","0","Brantford Bulldogs","0"
"2026-11-10","29179","10:30 am","Sudbury Wolves","0","Soo Greyhounds","0"
"2026-11-11","29180","6:30 pm","London Knights","0","Guelph Storm","0"
"2026-11-11","29181","7:00 pm","Owen Sound Attack","0","Barrie Colts","0"
"2026-11-12","29182","11:00 am","Erie Otters","0","Kitchener Rangers","0"
"2026-11-12","29183","7:00 pm","North Bay Battalion","0","Sarnia Sting","0"
"2026-11-12","29184","7:05 pm","Peterborough Petes","0","Kingston Frontenacs","0"
"2026-11-12","29185","7:05 pm","Saginaw Spirit","0","Ottawa 67's","0"
"2026-11-12","29186","7:05 pm","Windsor Spitfires","0","Niagara IceDogs","0"
"2026-11-13","29187","7:00 pm","Flint Firebirds","0","Ottawa 67's","0"
"2026-11-13","29190","7:00 pm","Kitchener Rangers","0","Barrie Colts","0"
"2026-11-13","29189","7:05 pm","Kingston Frontenacs","0","Brampton Steelheads","0"
"2026-11-13","29191","7:05 pm","Oshawa Generals","0","Peterborough Petes","0"
"2026-11-13","29193","7:05 pm","Sudbury Wolves","0","Sarnia Sting","0"
"2026-11-13","29188","7:07 pm","Guelph Storm","0","Brantford Bulldogs","0"
"2026-11-13","29192","7:07 pm","Soo Greyhounds","0","London Knights","0"
"2026-11-14","29196","6:00 pm","Erie Otters","0","Niagara IceDogs","0"
"2026-11-14","29195","7:00 pm","Brantford Bulldogs","0","Oshawa Generals","0"
"2026-11-14","29197","7:00 pm","Flint Firebirds","0","Windsor Spitfires","0"
"2026-11-14","29198","7:00 pm","Owen Sound Attack","0","Guelph Storm","0"
"2026-11-14","29199","7:05 pm","Saginaw Spirit","0","London Knights","0"
"2026-11-14","29194","7:30 pm","Barrie Colts","0","Brampton Steelheads","0"
"2026-11-15","29200","2:00 pm","Brampton Steelheads","0","Peterborough Petes","0"
"2026-11-15","29201","2:00 pm","Kitchener Rangers","0","Ottawa 67's","0"
"2026-11-15","29202","2:00 pm","Niagara IceDogs","0","Erie Otters","0"
"2026-11-15","29204","2:05 pm","Oshawa Generals","0","Kingston Frontenacs","0"
"2026-11-15","29205","2:07 pm","Soo Greyhounds","0","Sarnia Sting","0"
"2026-11-15","29203","3:00 pm","North Bay Battalion","0","Sudbury Wolves","0"
"2026-11-15","29206","4:05 pm","Windsor Spitfires","0","Saginaw Spirit","0"
"2026-11-18","29207","10:30 am","Kingston Frontenacs","0","Ottawa 67's","0"
"2026-11-18","29208","7:00 pm","Owen Sound Attack","0","North Bay Battalion","0"
"2026-11-18","29209","7:05 pm","Peterborough Petes","0","Brantford Bulldogs","0"
"2026-11-18","29210","7:05 pm","Sudbury Wolves","0","Kitchener Rangers","0"
"2026-11-19","29211","7:00 pm","Barrie Colts","0","Flint Firebirds","0"
"2026-11-19","29212","7:00 pm","Niagara IceDogs","0","Saginaw Spirit","0"
"2026-11-19","29213","7:05 pm","Windsor Spitfires","0","Soo Greyhounds","0"
"2026-11-20","29214","7:00 pm","Brampton Steelheads","0","Flint Firebirds","0"
"2026-11-20","29215","7:00 pm","Erie Otters","0","Saginaw Spirit","0"
"2026-11-20","29216","7:00 pm","Gatineau Olympiques","0","Ottawa 67's","0"
"2026-11-20","29219","7:00 pm","London Knights","0","Soo Greyhounds","0"
"2026-11-20","29220","7:00 pm","Niagara IceDogs","0","Owen Sound Attack","0"
"2026-11-20","29221","7:00 pm","North Bay Battalion","0","Kitchener Rangers","0"
"2026-11-20","29218","7:05 pm","Kingston Frontenacs","0","Oshawa Generals","0"
"2026-11-20","29222","7:05 pm","Sarnia Sting","0","Windsor Spitfires","0"
"2026-11-20","29223","7:05 pm","Sudbury Wolves","0","Brantford Bulldogs","0"
"2026-11-20","29217","7:07 pm","Guelph Storm","0","Barrie Colts","0"
"2026-11-21","29226","4:07 pm","Guelph Storm","0","London Knights","0"
"2026-11-21","29225","6:00 pm","Erie Otters","0","Owen Sound Attack","0"
"2026-11-21","29227","7:05 pm","Windsor Spitfires","0","Peterborough Petes","0"
"2026-11-21","29224","7:30 pm","Barrie Colts","0","Kitchener Rangers","0"
"2026-11-22","29228","2:00 pm","Brampton Steelheads","0","Brantford Bulldogs","0"
"2026-11-22","29231","2:00 pm","North Bay Battalion","0","Niagara IceDogs","0"
"2026-11-22","29229","2:05 pm","Kingston Frontenacs","0","Blainville-Boisbriand","0"
"2026-11-22","29234","2:05 pm","Sarnia Sting","0","Soo Greyhounds","0"
"2026-11-22","29233","3:00 pm","Ottawa 67's","0","Gatineau Olympiques","0"
"2026-11-22","29230","6:00 pm","London Knights","0","Peterborough Petes","0"
"2026-11-22","29232","6:05 pm","Oshawa Generals","0","Flint Firebirds","0"
"2026-11-25","29235","7:00 pm","Brantford Bulldogs","0","Sudbury Wolves","0"
"2026-11-25","29236","7:00 pm","Erie Otters","0","London Knights","0"
"2026-11-25","29237","7:00 pm","Flint Firebirds","0","Saginaw Spirit","0"
"2026-11-25","29238","7:05 pm","Windsor Spitfires","0","Kitchener Rangers","0"
"2026-11-26","29239","7:00 pm","Barrie Colts","0","Ottawa 67's","0"
"2026-11-26","29240","7:05 pm","Peterborough Petes","0","Guelph Storm","0"
"2026-11-27","29241","7:00 pm","Brampton Steelheads","0","North Bay Battalion","0"
"2026-11-27","29242","7:00 pm","Brantford Bulldogs","0","Owen Sound Attack","0"
"2026-11-27","29245","7:00 pm","Kitchener Rangers","0","Windsor Spitfires","0"
"2026-11-27","29246","7:00 pm","London Knights","0","Niagara IceDogs","0"
"2026-11-27","29244","7:05 pm","Kingston Frontenacs","0","Peterborough Petes","0"
"2026-11-27","29247","7:05 pm","Sarnia Sting","0","Flint Firebirds","0"
"2026-11-27","29249","7:05 pm","Sudbury Wolves","0","Barrie Colts","0"
"2026-11-27","29243","7:07 pm","Guelph Storm","0","Erie Otters","0"
"2026-11-27","29248","7:07 pm","Soo Greyhounds","0","Oshawa Generals","0"
"2026-11-28","29253","4:00 pm","London Knights","0","Kitchener Rangers","0"
"2026-11-28","29254","4:00 pm","Niagara IceDogs","0","Brantford Bulldogs","0"
"2026-11-28","29251","6:00 pm","Erie Otters","0","Windsor Spitfires","0"
"2026-11-28","29252","7:00 pm","Flint Firebirds","0","Sarnia Sting","0"
"2026-11-28","29255","7:00 pm","Owen Sound Attack","0","Ottawa 67's","0"
"2026-11-28","29256","7:05 pm","Saginaw Spirit","0","Soo Greyhounds","0"
"2026-11-28","29257","7:05 pm","Sudbury Wolves","0","Oshawa Generals","0"
"2026-11-28","29250","7:30 pm","Barrie Colts","0","Kingston Frontenacs","0"
"2026-11-29","29259","2:00 pm","North Bay Battalion","0","Brampton Steelheads","0"
"2026-11-29","29261","2:05 pm","Sarnia Sting","0","Saginaw Spirit","0"
"2026-11-29","29258","2:07 pm","Guelph Storm","0","Ottawa 67's","0"
"2026-11-29","29260","3:00 pm","Owen Sound Attack","0","Kingston Frontenacs","0"
"2026-12-03","29262","7:00 pm","Barrie Colts","0","Soo Greyhounds","0"
"2026-12-03","29263","7:00 pm","Niagara IceDogs","0","Brampton Steelheads","0"
"2026-12-03","29264","7:00 pm","North Bay Battalion","0","Erie Otters","0"
"2026-12-03","29265","7:05 pm","Peterborough Petes","0","Flint Firebirds","0"
"2026-12-04","29266","7:00 pm","Brampton Steelheads","0","Peterborough Petes","0"
"2026-12-04","29269","7:00 pm","Kitchener Rangers","0","Owen Sound Attack","0"
"2026-12-04","29270","7:00 pm","London Knights","0","Sarnia Sting","0"
"2026-12-04","29268","7:05 pm","Kingston Frontenacs","0","Flint Firebirds","0"
"2026-12-04","29271","7:05 pm","Oshawa Generals","0","Soo Greyhounds","0"
"2026-12-04","29272","7:05 pm","Sudbury Wolves","0","Erie Otters","0"
"2026-12-04","29267","7:07 pm","Guelph Storm","0","Niagara IceDogs","0"
"2026-12-05","29275","3:00 pm","Ottawa 67's","0","Barrie Colts","0"
"2026-12-05","29273","4:00 pm","Brampton Steelheads","0","Sudbury Wolves","0"
"2026-12-05","29274","4:00 pm","Brantford Bulldogs","0","Oshawa Generals","0"
"2026-12-05","29276","7:00 pm","Owen Sound Attack","0","Niagara IceDogs","0"
"2026-12-05","29277","7:05 pm","Saginaw Spirit","0","Sarnia Sting","0"
"2026-12-05","29278","7:05 pm","Windsor Spitfires","0","Kitchener Rangers","0"
"2026-12-06","29280","2:00 pm","London Knights","0","Guelph Storm","0"
"2026-12-06","29281","2:00 pm","North Bay Battalion","0","Soo Greyhounds","0"
"2026-12-06","29279","2:05 pm","Kingston Frontenacs","0","Barrie Colts","0"
"2026-12-06","29283","3:00 pm","Ottawa 67's","0","Flint Firebirds","0"
"2026-12-06","29284","4:05 pm","Windsor Spitfires","0","Brantford Bulldogs","0"
"2026-12-06","29282","6:05 pm","Oshawa Generals","0","Erie Otters","0"
"2026-12-08","29286","6:30 pm","London Knights","0","Windsor Spitfires","0"
"2026-12-08","29285","7:00 pm","Kitchener Rangers","0","Sarnia Sting","0"
"2026-12-09","29287","11:00 am","Brampton Steelheads","0","Guelph Storm","0"
"2026-12-09","29288","7:00 pm","Flint Firebirds","0","Saginaw Spirit","0"
"2026-12-09","29289","7:07 pm","Soo Greyhounds","0","Sudbury Wolves","0"
"2026-12-10","29290","7:00 pm","Barrie Colts","0","Owen Sound Attack","0"
"2026-12-10","29291","7:00 pm","Niagara IceDogs","0","Brantford Bulldogs","0"
"2026-12-10","29292","7:00 pm","North Bay Battalion","0","Kingston Frontenacs","0"
"2026-12-10","29293","7:05 pm","Peterborough Petes","0","Oshawa Generals","0"
"2026-12-10","29294","7:05 pm","Windsor Spitfires","0","Ottawa 67's","0"
"2026-12-11","29295","7:00 pm","Brampton Steelheads","0","Niagara IceDogs","0"
"2026-12-11","29296","7:00 pm","Brantford Bulldogs","0","Peterborough Petes","0"
"2026-12-11","29298","7:00 pm","Kitchener Rangers","0","Oshawa Generals","0"
"2026-12-11","29299","7:00 pm","London Knights","0","Ottawa 67's","0"
"2026-12-11","29300","7:05 pm","Sarnia Sting","0","Flint Firebirds","0"
"2026-12-11","29302","7:05 pm","Sudbury Wolves","0","Owen Sound Attack","0"
"2026-12-11","29297","7:07 pm","Guelph Storm","0","Saginaw Spirit","0"
"2026-12-11","29301","7:07 pm","Soo Greyhounds","0","Kingston Frontenacs","0"
"2026-12-12","29304","6:00 pm","Erie Otters","0","Saginaw Spirit","0"
"2026-12-12","29305","7:00 pm","Flint Firebirds","0","Guelph Storm","0"
"2026-12-12","29306","7:00 pm","Niagara IceDogs","0","North Bay Battalion","0"
"2026-12-12","29303","7:30 pm","Barrie Colts","0","Windsor Spitfires","0"
"2026-12-13","29307","2:00 pm","Brantford Bulldogs","0","North Bay Battalion","0"
"2026-12-13","29310","2:05 pm","Peterborough Petes","0","Brampton Steelheads","0"
"2026-12-13","29311","2:05 pm","Sarnia Sting","0","Ottawa 67's","0"
"2026-12-13","29313","2:05 pm","Sudbury Wolves","0","Kingston Frontenacs","0"
"2026-12-13","29312","2:07 pm","Soo Greyhounds","0","Owen Sound Attack","0"
"2026-12-13","29308","4:00 pm","Erie Otters","0","London Knights","0"
"2026-12-13","29309","6:05 pm","Oshawa Generals","0","Windsor Spitfires","0"
"2026-12-16","29314","7:00 pm","Owen Sound Attack","0","Flint Firebirds","0"
"2026-12-16","29315","7:05 pm","Sarnia Sting","0","Saginaw Spirit","0"
"2026-12-16","29316","7:05 pm","Sudbury Wolves","0","Guelph Storm","0"
"2026-12-17","29317","7:00 pm","Barrie Colts","0","Brampton Steelheads","0"
"2026-12-17","29318","7:00 pm","North Bay Battalion","0","Guelph Storm","0"
"2026-12-17","29319","7:05 pm","Peterborough Petes","0","Niagara IceDogs","0"
"2026-12-17","29320","7:05 pm","Saginaw Spirit","0","Soo Greyhounds","0"
"2026-12-18","29321","7:00 pm","Brampton Steelheads","0","North Bay Battalion","0"
"2026-12-18","29322","7:00 pm","Brantford Bulldogs","0","Sarnia Sting","0"
"2026-12-18","29323","7:00 pm","Erie Otters","0","Kingston Frontenacs","0"
"2026-12-18","29324","7:00 pm","Kitchener Rangers","0","Sudbury Wolves","0"
"2026-12-18","29325","7:00 pm","London Knights","0","Soo Greyhounds","0"
"2026-12-18","29326","7:00 pm","Niagara IceDogs","0","Barrie Colts","0"
"2026-12-18","29327","7:00 pm","Ottawa 67's","0","Oshawa Generals","0"
"2026-12-19","29330","2:07 pm","Guelph Storm","0","Kitchener Rangers","0"
"2026-12-19","29332","3:00 pm","Ottawa 67's","0","Peterborough Petes","0"
"2026-12-19","29329","6:00 pm","Erie Otters","0","Sarnia Sting","0"
"2026-12-19","29331","7:00 pm","Niagara IceDogs","0","Kingston Frontenacs","0"
"2026-12-19","29333","7:00 pm","Owen Sound Attack","0","Sudbury Wolves","0"
"2026-12-19","29334","7:05 pm","Saginaw Spirit","0","Flint Firebirds","0"
"2026-12-19","29335","7:05 pm","Windsor Spitfires","0","London Knights","0"
"2026-12-19","29328","7:30 pm","Barrie Colts","0","Brantford Bulldogs","0"
"2026-12-20","29336","6:05 pm","Oshawa Generals","0","Peterborough Petes","0"
"2026-12-28","29339","2:05 pm","Oshawa Generals","0","Kingston Frontenacs","0"
"2026-12-28","29337","7:00 pm","Brampton Steelheads","0","Brantford Bulldogs","0"
"2026-12-28","29338","7:00 pm","Flint Firebirds","0","Saginaw Spirit","0"
"2026-12-28","29340","7:00 pm","Owen Sound Attack","0","Barrie Colts","0"
"2026-12-29","29341","7:00 pm","Brantford Bulldogs","0","Erie Otters","0"
"2026-12-29","29342","7:00 pm","Kitchener Rangers","0","Guelph Storm","0"
"2026-12-29","29343","7:05 pm","Sarnia Sting","0","London Knights","0"
"2026-12-30","29344","3:00 pm","Ottawa 67's","0","Kingston Frontenacs","0"
"2026-12-30","29345","7:05 pm","Saginaw Spirit","0","Windsor Spitfires","0"
"2026-12-30","29347","7:05 pm","Sudbury Wolves","0","Brampton Steelheads","0"
"2026-12-30","29346","7:07 pm","Soo Greyhounds","0","Flint Firebirds","0"
"2026-12-31","29353","1:00 pm","North Bay Battalion","0","Brampton Steelheads","0"
"2026-12-31","29354","2:05 pm","Peterborough Petes","0","Oshawa Generals","0"
"2026-12-31","29355","2:05 pm","Windsor Spitfires","0","Saginaw Spirit","0"
"2026-12-31","29350","3:05 pm","Kingston Frontenacs","0","Ottawa 67's","0"
"2026-12-31","29351","4:00 pm","London Knights","0","Sarnia Sting","0"
"2026-12-31","29349","6:00 pm","Erie Otters","0","Brantford Bulldogs","0"
"2026-12-31","29352","6:00 pm","Niagara IceDogs","0","Guelph Storm","0"
"2026-12-31","29348","7:30 pm","Barrie Colts","0","Owen Sound Attack","0"
"2027-01-01","29357","2:05 pm","Oshawa Generals","0","North Bay Battalion","0"
"2027-01-01","29356","7:07 pm","Guelph Storm","0","Peterborough Petes","0"
"2027-01-02","29359","4:00 pm","Brampton Steelheads","0","Sudbury Wolves","0"
"2027-01-02","29361","4:05 pm","Kingston Frontenacs","0","London Knights","0"
"2027-01-02","29360","7:00 pm","Flint Firebirds","0","Windsor Spitfires","0"
"2027-01-02","29362","7:00 pm","Owen Sound Attack","0","Erie Otters","0"
"2027-01-02","29363","7:05 pm","Saginaw Spirit","0","Sarnia Sting","0"
"2027-01-02","29364","7:07 pm","Soo Greyhounds","0","Kitchener Rangers","0"
"2027-01-02","29358","7:30 pm","Barrie Colts","0","Niagara IceDogs","0"
"2027-01-03","29367","2:00 pm","Niagara IceDogs","0","Sudbury Wolves","0"
"2027-01-03","29368","2:00 pm","North Bay Battalion","0","Peterborough Petes","0"
"2027-01-03","29371","2:00 pm","Owen Sound Attack","0","Erie Otters","0"
"2027-01-03","29369","2:05 pm","Oshawa Generals","0","Barrie Colts","0"
"2027-01-03","29370","3:00 pm","Ottawa 67's","0","London Knights","0"
"2027-01-03","29365","4:00 pm","Flint Firebirds","0","Kitchener Rangers","0"
"2027-01-03","29366","4:07 pm","Guelph Storm","0","Sarnia Sting","0"
"2027-01-06","29372","7:00 pm","Brantford Bulldogs","0","Oshawa Generals","0"
"2027-01-06","29373","7:00 pm","Erie Otters","0","Brampton Steelheads","0"
"2027-01-06","29374","7:05 pm","Sudbury Wolves","0","Soo Greyhounds","0"
"2027-01-07","29375","7:00 pm","Niagara IceDogs","0","Ottawa 67's","0"
"2027-01-07","29376","7:00 pm","North Bay Battalion","0","Windsor Spitfires","0"
"2027-01-07","29377","7:05 pm","Saginaw Spirit","0","Kingston Frontenacs","0"
"2027-01-08","29378","7:00 pm","Brampton Steelheads","0","Barrie Colts","0"
"2027-01-08","29379","7:00 pm","Brantford Bulldogs","0","Ottawa 67's","0"
"2027-01-08","29380","7:00 pm","Flint Firebirds","0","Kingston Frontenacs","0"
"2027-01-08","29382","7:00 pm","Kitchener Rangers","0","Erie Otters","0"
"2027-01-08","29383","7:00 pm","London Knights","0","Oshawa Generals","0"
"2027-01-08","29384","7:05 pm","Sarnia Sting","0","Peterborough Petes","0"
"2027-01-08","29386","7:05 pm","Sudbury Wolves","0","Windsor Spitfires","0"
"2027-01-08","29381","7:07 pm","Guelph Storm","0","Owen Sound Attack","0"
"2027-01-08","29385","7:07 pm","Soo Greyhounds","0","North Bay Battalion","0"
"2027-01-09","29388","6:00 pm","Erie Otters","0","Niagara IceDogs","0"
"2027-01-09","29389","7:00 pm","Flint Firebirds","0","Peterborough Petes","0"
"2027-01-09","29390","7:00 pm","Owen Sound Attack","0","Guelph Storm","0"
"2027-01-09","29391","7:05 pm","Saginaw Spirit","0","Kitchener Rangers","0"
"2027-01-09","29387","7:30 pm","Barrie Colts","0","Sudbury Wolves","0"
"2027-01-10","29392","2:00 pm","Brampton Steelheads","0","Ottawa 67's","0"
"2027-01-10","29395","2:00 pm","North Bay Battalion","0","Brantford Bulldogs","0"
"2027-01-10","29398","2:07 pm","Soo Greyhounds","0","Windsor Spitfires","0"
"2027-01-10","29394","4:00 pm","London Knights","0","Flint Firebirds","0"
"2027-01-10","29393","4:07 pm","Guelph Storm","0","Kingston Frontenacs","0"
"2027-01-10","29397","5:30 pm","Saginaw Spirit","0","Peterborough Petes","0"
"2027-01-10","29396","6:05 pm","Oshawa Generals","0","Owen Sound Attack","0"
"2027-01-12","29399","7:00 pm","Kitchener Rangers","0","London Knights","0"
"2027-01-13","29400","7:05 pm","Kingston Frontenacs","0","Saginaw Spirit","0"
"2027-01-13","29401","7:05 pm","Sarnia Sting","0","Kitchener Rangers","0"
"2027-01-14","29402","7:00 pm","Niagara IceDogs","0","Flint Firebirds","0"
"2027-01-14","29403","7:00 pm","North Bay Battalion","0","Soo Greyhounds","0"
"2027-01-14","29404","7:05 pm","Peterborough Petes","0","Sudbury Wolves","0"
"2027-01-14","29405","7:05 pm","Windsor Spitfires","0","London Knights","0"
"2027-01-15","29406","7:00 pm","Brampton Steelheads","0","Soo Greyhounds","0"
"2027-01-15","29407","7:00 pm","Brantford Bulldogs","0","Barrie Colts","0"
"2027-01-15","29408","7:00 pm","Erie Otters","0","Flint Firebirds","0"
"2027-01-15","29410","7:00 pm","Kitchener Rangers","0","Owen Sound Attack","0"
"2027-01-15","29411","7:00 pm","London Knights","0","Guelph Storm","0"
"2027-01-15","29412","7:00 pm","Niagara IceDogs","0","Oshawa Generals","0"
"2027-01-15","29413","7:00 pm","Ottawa 67's","0","Saginaw Spirit","0"
"2027-01-15","29409","7:05 pm","Kingston Frontenacs","0","Sudbury Wolves","0"
"2027-01-15","29414","7:05 pm","Sarnia Sting","0","Windsor Spitfires","0"
"2027-01-16","29416","4:00 pm","Brantford Bulldogs","0","Brampton Steelheads","0"
"2027-01-16","29417","6:00 pm","Erie Otters","0","Oshawa Generals","0"
"2027-01-16","29418","7:05 pm","Peterborough Petes","0","Saginaw Spirit","0"
"2027-01-16","29415","7:30 pm","Barrie Colts","0","North Bay Battalion","0"
"2027-01-17","29420","2:00 pm","Brampton Steelheads","0","Niagara IceDogs","0"
"2027-01-17","29422","2:00 pm","Kitchener Rangers","0","Soo Greyhounds","0"
"2027-01-17","29423","2:00 pm","North Bay Battalion","0","Owen Sound Attack","0"
"2027-01-17","29421","2:07 pm","Guelph Storm","0","London Knights","0"
"2027-01-17","29419","3:00 pm","Blainville-Boisbriand","0","Kingston Frontenacs","0"
"2027-01-17","29424","3:00 pm","Ottawa 67's","0","Sudbury Wolves","0"
"2027-01-17","29425","4:05 pm","Windsor Spitfires","0","Sarnia Sting","0"
"2027-01-21","29426","7:00 pm","Niagara IceDogs","0","Brampton Steelheads","0"
"2027-01-21","29427","7:00 pm","North Bay Battalion","0","Flint Firebirds","0"
"2027-01-21","29428","7:05 pm","Peterborough Petes","0","Ottawa 67's","0"
"2027-01-21","29429","7:05 pm","Windsor Spitfires","0","Kingston Frontenacs","0"
"2027-01-22","29430","7:00 pm","Brantford Bulldogs","0","Niagara IceDogs","0"
"2027-01-22","29432","7:00 pm","Kitchener Rangers","0","Peterborough Petes","0"
"2027-01-22","29433","7:00 pm","London Knights","0","Erie Otters","0"
"2027-01-22","29436","7:00 pm","Val-d'Or","0","North Bay Battalion","0"
"2027-01-22","29434","7:05 pm","Sarnia Sting","0","Kingston Frontenacs","0"
"2027-01-22","29435","7:05 pm","Sudbury Wolves","0","Flint Firebirds","0"
"2027-01-22","29431","7:07 pm","Guelph Storm","0","Windsor Spitfires","0"
"2027-01-23","29441","3:00 pm","Ottawa 67's","0","Oshawa Generals","0"
"2027-01-23","29439","6:00 pm","Erie Otters","0","Guelph Storm","0"
"2027-01-23","29438","7:00 pm","Brantford Bulldogs","0","Peterborough Petes","0"
"2027-01-23","29440","7:00 pm","Niagara IceDogs","0","Kitchener Rangers","0"
"2027-01-23","29442","7:00 pm","Owen Sound Attack","0","Saginaw Spirit","0"
"2027-01-23","29443","7:05 pm","Sarnia Sting","0","Brampton Steelheads","0"
"2027-01-23","29444","7:07 pm","Soo Greyhounds","0","Sudbury Wolves","0"
"2027-01-23","29437","7:30 pm","Barrie Colts","0","London Knights","0"
"2027-01-24","29446","2:00 pm","North Bay Battalion","0","Ottawa 67's","0"
"2027-01-24","29448","2:07 pm","Soo Greyhounds","0","Flint Firebirds","0"
"2027-01-24","29445","4:00 pm","London Knights","0","Kingston Frontenacs","0"
"2027-01-24","29449","4:05 pm","Windsor Spitfires","0","Brampton Steelheads","0"
"2027-01-24","29447","6:05 pm","Oshawa Generals","0","Saginaw Spirit","0"
"2027-01-27","29451","6:37 pm","Guelph Storm","0","Kitchener Rangers","0"
"2027-01-27","29450","7:00 pm","Brantford Bulldogs","0","Erie Otters","0"
"2027-01-27","29452","7:05 pm","Saginaw Spirit","0","Flint Firebirds","0"
"2027-01-28","29453","7:00 pm","Ottawa 67's","0","Niagara IceDogs","0"
"2027-01-28","29454","7:05 pm","Peterborough Petes","0","North Bay Battalion","0"
"2027-01-28","29455","7:05 pm","Windsor Spitfires","0","Soo Greyhounds","0"
"2027-01-29","29456","7:00 pm","Brampton Steelheads","0","Barrie Colts","0"
"2027-01-29","29457","7:00 pm","Flint Firebirds","0","Erie Otters","0"
"2027-01-29","29460","7:00 pm","Kitchener Rangers","0","Owen Sound Attack","0"
"2027-01-29","29461","7:00 pm","London Knights","0","Brantford Bulldogs","0"
"2027-01-29","29459","7:05 pm","Kingston Frontenacs","0","Niagara IceDogs","0"
"2027-01-29","29462","7:05 pm","Oshawa Generals","0","Peterborough Petes","0"
"2027-01-29","29463","7:05 pm","Saginaw Spirit","0","Sudbury Wolves","0"
"2027-01-29","29464","7:05 pm","Sarnia Sting","0","Windsor Spitfires","0"
"2027-01-29","29458","7:07 pm","Guelph Storm","0","Soo Greyhounds","0"
"2027-01-30","29467","4:05 pm","Kingston Frontenacs","0","North Bay Battalion","0"
"2027-01-30","29466","7:00 pm","Flint Firebirds","0","Sudbury Wolves","0"
"2027-01-30","29468","7:00 pm","Owen Sound Attack","0","London Knights","0"
"2027-01-30","29469","7:05 pm","Peterborough Petes","0","Ottawa 67's","0"
"2027-01-30","29470","7:05 pm","Saginaw Spirit","0","Erie Otters","0"
"2027-01-30","29465","7:30 pm","Barrie Colts","0","Brampton Steelheads","0"
"2027-01-31","29471","2:00 pm","Kitchener Rangers","0","Soo Greyhounds","0"
"2027-01-31","29474","2:05 pm","Sarnia Sting","0","Sudbury Wolves","0"
"2027-01-31","29473","3:00 pm","Ottawa 67's","0","North Bay Battalion","0"
"2027-01-31","29475","4:05 pm","Windsor Spitfires","0","Guelph Storm","0"
"2027-01-31","29472","6:05 pm","Oshawa Generals","0","Brantford Bulldogs","0"
"2027-02-03","29476","7:00 pm","Brantford Bulldogs","0","Kingston Frontenacs","0"
"2027-02-03","29477","7:00 pm","London Knights","0","Kitchener Rangers","0"
"2027-02-03","29478","7:00 pm","Owen Sound Attack","0","Sarnia Sting","0"
"2027-02-03","29479","7:07 pm","Soo Greyhounds","0","Guelph Storm","0"
"2027-02-04","29480","7:00 pm","Barrie Colts","0","Oshawa Generals","0"
"2027-02-04","29481","7:00 pm","Niagara IceDogs","0","Erie Otters","0"
"2027-02-04","29482","7:00 pm","North Bay Battalion","0","Ottawa 67's","0"
"2027-02-04","29483","7:05 pm","Peterborough Petes","0","Brampton Steelheads","0"
"2027-02-05","29484","7:00 pm","Flint Firebirds","0","Brantford Bulldogs","0"
"2027-02-05","29486","7:00 pm","Kitchener Rangers","0","Windsor Spitfires","0"
"2027-02-05","29487","7:00 pm","London Knights","0","Brampton Steelheads","0"
"2027-02-05","29485","7:05 pm","Kingston Frontenacs","0","Oshawa Generals","0"
"2027-02-05","29488","7:05 pm","Saginaw Spirit","0","Guelph Storm","0"
"2027-02-05","29489","7:05 pm","Sarnia Sting","0","Niagara IceDogs","0"
"2027-02-05","29491","7:05 pm","Sudbury Wolves","0","North Bay Battalion","0"
"2027-02-05","29490","7:07 pm","Soo Greyhounds","0","Ottawa 67's","0"
"2027-02-06","29493","6:00 pm","Erie Otters","0","Owen Sound Attack","0"
"2027-02-06","29494","7:00 pm","Flint Firebirds","0","Guelph Storm","0"
"2027-02-06","29495","7:05 pm","Peterborough Petes","0","London Knights","0"
"2027-02-06","29496","7:05 pm","Saginaw Spirit","0","Brantford Bulldogs","0"
"2027-02-06","29492","7:30 pm","Barrie Colts","0","Sudbury Wolves","0"
"2027-02-07","29499","1:00 pm","North Bay Battalion","0","Barrie Colts","0"
"2027-02-07","29497","4:00 pm","Erie Otters","0","Owen Sound Attack","0"
"2027-02-07","29502","4:00 pm","Windsor Spitfires","0","Sarnia Sting","0"
"2027-02-07","29501","4:05 pm","Sudbury Wolves","0","Ottawa 67's","0"
"2027-02-07","29500","6:05 pm","Oshawa Generals","0","Brampton Steelheads","0"
"2027-02-07","29498","7:00 pm","Niagara IceDogs","0","Kingston Frontenacs","0"
"2027-02-09","29503","7:00 pm","Kitchener Rangers","0","London Knights","0"
"2027-02-10","29504","7:00 pm","Flint Firebirds","0","Sarnia Sting","0"
"2027-02-10","29505","7:00 pm","Owen Sound Attack","0","Brampton Steelheads","0"
"2027-02-10","29506","7:05 pm","Sudbury Wolves","0","Oshawa Generals","0"
