"Name","BD","Pos","Team","GP","EVG","EVA","EVPTS","EVPTS/G","EVPTS%"
"Andrew LeBlanc",2004-06-03,"C","Sarnia Sting",5,7,1,8,1.6,100
"Carson Rehkopf",2005-01-07,"C","Kitchener Rangers",4,3,3,6,1.5,55
"Cole Beaudoin",2006-04-24,"C","Barrie Colts",4,3,3,6,1.5,75
"Luke Misa",2005-11-25,"C","Mississauga Steelheads",6,2,4,6,1,75
"Martin Misiak",2004-09-30,"C","Erie Otters",3,1,5,6,2,100
"Ondrej Molnar",2005-02-08,"LW","Erie Otters",5,4,2,6,1.2,86
"Trent Swick",2004-04-25,"LW","Kitchener Rangers",5,2,4,6,1.2,86
"Jake O'Brien",2007-06-16,"C","Brantford Bulldogs",6,1,4,5,0.83,83
"Lawson Sherk",2003-05-03,"C","Brantford Bulldogs",4,3,2,5,1.25,100
"Lucas Karmiris",2006-09-27,"C","Mississauga Steelheads",6,2,3,5,0.83,100
"Marko Sikic",2003-03-24,"RW","Sarnia Sting",4,2,3,5,1.25,83
"Matthew Sop",2003-02-04,"C","Kitchener Rangers",6,3,2,5,0.83,50
"Nick Lardis",2005-07-08,"RW","Brantford Bulldogs",2,2,3,5,2.5,100
"Owen Allard",2004-01-13,"C","Soo Greyhounds",3,1,4,5,1.67,62
"Simon Slavicek",2004-02-02,"C","Flint Firebirds",4,4,1,5,1.25,83
"Adrian Misaljevic",2004-07-10,"RW","Kitchener Rangers",6,2,2,4,0.67,100
"Aidan Castle",2004-01-08,"RW","Windsor Spitfires",5,3,1,4,0.8,100
"Anthony Romani",2005-07-12,"RW","North Bay Battalion",3,3,1,4,1.33,100
"Ben Bujold",2004-03-03,"C","Brantford Bulldogs",6,0,4,4,0.67,100
"Brady Martin",2007-03-16,"C","Soo Greyhounds",4,3,1,4,1,57
"Braeden O'Keefe",2005-06-08,"C","Brantford Bulldogs",4,2,2,4,1,100
"Cameron Reid",2007-04-08,"LD","Kitchener Rangers",5,1,3,4,0.8,100
"Dylan Tsherna",2007-02-22,"RW","Brantford Bulldogs",6,3,1,4,0.67,100
"Juan Copeland",2005-09-03,"LW","London Knights",4,0,4,4,1,100
"Kaleb Smith",2004-05-14,"RW","Erie Otters",5,1,3,4,0.8,100
"Leo Serlin",2006-01-20,"RW","Guelph Storm",6,3,1,4,0.67,100
"Liam Greentree",2006-01-01,"RW","Windsor Spitfires",5,1,3,4,0.8,57
"Malcolm Spence",2006-09-22,"LW","Erie Otters",5,3,1,4,0.8,100
"Marek Vanacker",2006-04-12,"LW","Brantford Bulldogs",6,4,0,4,0.67,100
"Matheas Stark",2007-01-14,"LW","Kitchener Rangers",6,4,0,4,0.67,67
"Matthew Schaefer",2007-09-05,"D","Erie Otters",6,2,2,4,0.67,67
"Ryan Abraham",2004-04-05,"C","Windsor Spitfires",5,2,2,4,0.8,100
"Ryan Del Monte",2003-04-03,"C","Mississauga Steelheads",4,1,3,4,1,80
"Sam Alfano",2004-01-18,"RW","Erie Otters",3,0,4,4,1.33,100
"Tanner Lam",2007-07-14,"RW","Kitchener Rangers",6,1,3,4,0.67,67
"Travis Hayes",2007-09-03,"RW","Soo Greyhounds",4,1,3,4,1,100
"Valentin Zhugin",2004-12-13,"LW","Saginaw Spirit",4,3,1,4,1,50
"Alex Assadourian",2005-07-24,"C","Niagara IceDogs",3,1,2,3,1,60
"Beau Jelsma",2004-04-28,"C","Barrie Colts",3,1,2,3,1,100
"Braeden Bowman",2003-06-26,"RW","Guelph Storm",6,2,1,3,0.5,50
"Brennan Faulkner",2005-12-28,"LW","Peterborough Petes",5,1,2,3,0.6,100
"Brody Partridge",2006-09-14,"C","Peterborough Petes",5,2,1,3,0.6,100
"Bruce McDonald",2004-12-18,"C","Erie Otters",5,1,2,3,0.6,100
"Cameron Mercer",2005-05-27,"C","Kitchener Rangers",6,0,3,3,0.5,50
"Charlie Paquette",2005-12-06,"RW","Guelph Storm",6,2,1,3,0.5,100
"Chas Sharpe",2003-11-28,"D","Mississauga Steelheads",4,1,2,3,0.75,75
"Cooper Matthews",2004-02-11,"RW","Barrie Colts",4,1,2,3,0.75,60
"Cooper Way",2003-06-11,"C","Sarnia Sting",4,0,3,3,0.75,100
"Dalyn Wakely",2004-03-05,"C","North Bay Battalion",3,0,3,3,1,100
"Daylen Moses",2005-06-13,"C","Sarnia Sting",4,1,2,3,0.75,100
"Declan Waddick",2005-01-24,"C","Owen Sound Attack",4,0,3,3,0.75,75
"Dennis Lominac",2006-01-11,"LW","Sarnia Sting",5,2,1,3,0.6,75
"Devin Mauro",2004-06-06,"LW","Sudbury Wolves",4,3,0,3,0.75,75
"Dylan Edwards",2005-07-20,"RW","Erie Otters",5,0,3,3,0.6,100
"Ethan Burroughs",2003-06-19,"RW","Owen Sound Attack",4,1,2,3,0.75,75
"Ethan Montroy",2005-08-30,"LW","Soo Greyhounds",4,2,1,3,0.75,60
"Gavin Grundner",2004-05-12,"LW","Guelph Storm",6,0,3,3,0.5,75
"Jack Van Volsen",2006-01-12,"C","Mississauga Steelheads",6,2,1,3,0.5,100
"Jakub Fibigr",2006-07-22,"D","Mississauga Steelheads",6,0,3,3,0.5,75
"Jonathan Melee",2004-01-15,"LW","Peterborough Petes",4,1,2,3,0.75,50
"Josh Kavanagh",2003-05-06,"D","Barrie Colts",4,0,3,3,0.75,100
"Julian Fantino",2004-02-05,"RW","Soo Greyhounds",4,1,2,3,0.75,75
"Justin Cloutier",2005-06-20,"RW","Soo Greyhounds",3,2,1,3,1,75
"Kyler Morgan",2005-05-07,"LW","Windsor Spitfires",5,1,2,3,0.6,100
"Luke Ellinas",2006-03-12,"LW","Kitchener Rangers",6,1,2,3,0.5,100
"Luke Torrance",2004-03-30,"LW","Oshawa Generals",3,2,1,3,1,75
"Maddox Callens",2003-02-11,"LW","Kingston Frontenacs",4,2,1,3,0.75,100
"Mason Zebeski",2005-10-04,"LW","Mississauga Steelheads",6,2,1,3,0.5,100
"Max Anderson",2007-07-18,"C","Flint Firebirds",2,2,1,3,1.5,100
"Mitch Young",2005-04-29,"D","Sarnia Sting",4,2,1,3,0.75,75
"Nathan Aspinall",2006-03-30,"LW","Flint Firebirds",4,1,2,3,0.75,100
"Nolan Dann",2003-05-21,"RW","Flint Firebirds",3,0,3,3,1,75
"Owen Griffin",2007-04-08,"C","Oshawa Generals",4,2,1,3,0.75,60
"Parker Snelgrove",2007-01-20,"C","Guelph Storm",6,0,3,3,0.5,100
"Porter Martone",2006-10-26,"RW","Mississauga Steelheads",4,1,2,3,0.75,60
"Riley Patterson",2006-03-22,"C","Barrie Colts",4,1,2,3,0.75,60
"Roenick Jodoin",2004-09-10,"C","Barrie Colts",4,2,1,3,0.75,75
"Ryan Humphrey",2003-04-08,"LW","Niagara IceDogs",3,0,3,3,1,75
"Simon Motew",2003-03-31,"RD","Kitchener Rangers",6,1,2,3,0.5,75
"Stevie Leskovar",2004-09-09,"D","Mississauga Steelheads",4,1,2,3,0.75,100
"Tai York",2004-06-18,"LW","Barrie Colts",3,0,3,3,1,100
"Tate Vader",2006-01-09,"C","Soo Greyhounds",4,3,0,3,0.75,75
"William Eggleton",2006-02-19,"LW","Mississauga Steelheads",6,3,0,3,0.5,100
"Zach Filak",2004-01-21,"C","Sarnia Sting",5,0,3,3,0.6,43
"Zakary Lavoie",2004-03-13,"RW","Niagara IceDogs",5,2,1,3,0.6,75
"Adam Zidlicky",2005-01-28,"LW","Mississauga Steelheads",3,1,1,2,0.67,67
"Alex Bradshaw",2004-03-16,"LW","Flint Firebirds",4,1,1,2,0.5,100
"Andrew Wycisk",2005-07-01,"D","Niagara IceDogs",4,2,0,2,0.5,67
"Angus MacDonell",2005-05-11,"C","Mississauga Steelheads",3,1,1,2,0.67,100
"Beckett Sennecke",2006-01-28,"RW","Oshawa Generals",3,2,0,2,0.67,100
"Ben Danford",2006-02-06,"D","Oshawa Generals",3,0,2,2,0.67,100
"Ben Radley",2007-07-29,"D","Brantford Bulldogs",5,0,2,2,0.4,100
"Bode Stewart",2006-02-09,"LW","Barrie Colts",4,1,1,2,0.5,100
"Brett Hammond",2006-09-08,"RW","Erie Otters",6,1,1,2,0.33,100
"Calem Mangone",2004-11-04,"RW","Saginaw Spirit",3,1,1,2,0.67,67
"Callum Cheynowski",2006-08-04,"D","Brantford Bulldogs",6,0,2,2,0.33,100
"Carey Terrance",2005-05-10,"C","Erie Otters",2,2,0,2,1,67
"Cedricson Okitundu",2004-01-03,"D","Brantford Bulldogs",4,1,1,2,0.5,100
"Chase Coughlan",2005-06-17,"RW","Sudbury Wolves",4,2,0,2,0.5,100
"Chase Lefebvre",2004-05-13,"LW","Peterborough Petes",5,1,1,2,0.4,67
"Chase MacQueen-Spence",2005-01-09,"LW","North Bay Battalion",3,1,1,2,0.67,100
"Connor Punnett",2003-06-16,"D","Barrie Colts",2,0,2,2,1,100
"Coulson Pitre",2004-12-13,"RW","Flint Firebirds",1,2,0,2,2,67
"Daks Klinkhammer",2005-08-14,"LW","Flint Firebirds",4,1,1,2,0.5,100
"Davis Codd",2003-08-19,"RW","Saginaw Spirit",2,2,0,2,1,100
"Dylan Richter",2006-07-11,"C","North Bay Battalion",4,1,1,2,0.5,100
"Dylan Roobroeck",2004-07-27,"C","Oshawa Generals",1,1,1,2,2,100
"Dylan Woulds",2006-03-28,"D","Peterborough Petes",5,0,2,2,0.4,100
"Eduard Šalé",2005-03-10,"RW","Barrie Colts",2,2,0,2,1,67
"Ethan Toms",2006-01-19,"C","Oshawa Generals",4,1,1,2,0.5,100
"Florian Xhekaj",2004-06-27,"LW","Brantford Bulldogs",3,2,0,2,0.67,100
"Frankie Marrelli",2006-02-16,"D","Ottawa 67's",3,1,1,2,0.67,100
"Gavin Bryant",2004-07-24,"C","Niagara IceDogs",5,2,0,2,0.4,67
"Gavin Ewles",2005-03-01,"D","Ottawa 67's",4,1,1,2,0.5,100
"Harry Nansi",2007-09-10,"C","Owen Sound Attack",4,1,1,2,0.5,100
"Henry Mews",2006-03-09,"D","Ottawa 67's",3,0,2,2,0.67,67
"Jack D'Arcy",2007-12-02,"D","Flint Firebirds",2,0,2,2,1,100
"Jack Nesbitt",2007-01-12,"C","Windsor Spitfires",5,1,1,2,0.4,100
"James Barr",2007-06-01,"D","Sarnia Sting",5,0,2,2,0.4,100
"Jax Dubois",2003-06-18,"C","Peterborough Petes",4,1,1,2,0.5,67
"Justin Bottineau",2006-01-11,"RW","Kitchener Rangers",6,0,2,2,0.33,100
"Justin Ertel",2003-05-27,"LW","North Bay Battalion",1,1,1,2,2,100
"Kevin He",2006-04-30,"LW","Niagara IceDogs",5,1,1,2,0.4,40
"Kieran Witkowski",2007-02-07,"LW","Mississauga Steelheads",6,0,2,2,0.33,67
"Landen Hookey",2004-01-29,"RW","Owen Sound Attack",3,1,1,2,0.67,67
"Lane Sim",2007-05-09,"LW","Sarnia Sting",5,0,2,2,0.4,67
"Luca Romano",2007-06-25,"RW","Kitchener Rangers",6,1,1,2,0.33,67
"Lucas Di Giantommaso",2005-11-14,"RW","Sudbury Wolves",4,0,2,2,0.5,100
"Luke Dragusica",2007-02-16,"D","Mississauga Steelheads",6,0,2,2,0.33,100
"Luke McNamara",2005-03-02,"C","Saginaw Spirit",4,1,1,2,0.5,67
"MacGregor Richmond",2006-08-06,"RW","Mississauga Steelheads",6,1,1,2,0.33,100
"Madden Steen",2004-05-18,"D","Owen Sound Attack",4,0,2,2,0.5,100
"Marc Boudreau",2003-04-29,"LW","Mississauga Steelheads",2,1,1,2,1,100
"Marco Mignosa",2005-04-13,"RW","Soo Greyhounds",4,1,1,2,0.5,33
"Matthew Poitras",2004-03-10,"C","Guelph Storm",4,0,2,2,0.5,33
"Michael Lavigne",2007-01-17,"D","Windsor Spitfires",3,0,2,2,0.67,100
"Michael Misa",2007-02-16,"LW","Saginaw Spirit",2,0,2,2,1,33
"Michael Podolioukh",2004-11-28,"C","Niagara IceDogs",4,2,0,2,0.5,67
"Nathan Poole",2004-07-28,"C","Kingston Frontenacs",4,1,1,2,0.5,67
"Nic Whitehead",2007-02-11,"C","Ottawa 67's",4,2,0,2,0.5,100
"Noah Nelson",2005-03-28,"C","Brantford Bulldogs",5,1,1,2,0.4,100
"Nolan Ling",2005-12-11,"D","Kingston Frontenacs",4,0,2,2,0.5,100
"Olivier Savard",2005-01-14,"D","Barrie Colts",5,0,2,2,0.4,67
"Pano Fimis",2004-06-17,"C","Erie Otters",5,1,1,2,0.4,67
"Parker von Richter",2006-05-17,"D","Mississauga Steelheads",5,0,2,2,0.4,100
"Patrick Thomas",2004-08-21,"C","Brantford Bulldogs",3,0,2,2,0.67,67
"Rowan Topp",2006-04-02,"D","Guelph Storm",4,1,1,2,0.5,100
"Ruslan Gazizov",2004-01-21,"LW","London Knights",4,0,2,2,0.5,40
"Ryan Brown",2007-10-27,"LW","Sarnia Sting",3,1,1,2,0.67,40
"Ryan Roobroeck",2007-09-25,"LW","Niagara IceDogs",5,0,2,2,0.4,50
"Ryan Struthers",2004-01-02,"C","Windsor Spitfires",5,1,1,2,0.4,100
"Rylan Singh",2007-10-04,"D","Guelph Storm",6,1,1,2,0.33,40
"Sam O'Reilly",2006-03-30,"RW","London Knights",4,0,2,2,0.5,50
"Stef Forgione",2005-04-29,"LW","North Bay Battalion",4,2,0,2,0.5,100
"Stuart Rolofs",2003-03-28,"LW","Oshawa Generals",2,1,1,2,1,100
"Tommy Purdeller",2004-04-13,"C","Peterborough Petes",5,1,1,2,0.4,100
"Tuomas Uronen",2005-03-19,"RW","Ottawa 67's",3,1,1,2,0.67,67
"Tyler Hopkins",2007-01-23,"C","Kingston Frontenacs",5,1,1,2,0.4,100
"Vilmer Alriksson",2005-02-18,"LW","Guelph Storm",4,0,2,2,0.5,67
"Wesley Royston",2007-11-22,"RW","Erie Otters",6,1,1,2,0.33,100
"Will Bishop",2005-03-17,"D","Saginaw Spirit",4,1,1,2,0.5,100
"Will Gerrior",2004-03-02,"LW","Ottawa 67's",4,1,1,2,0.5,50
"Wyatt Kennedy",2005-05-27,"D","North Bay Battalion",4,0,2,2,0.5,67
"Zander Veccia",2004-07-27,"RW","Mississauga Steelheads",6,1,1,2,0.33,67
"Adam Cavallin",2005-03-04,"C","Kingston Frontenacs",5,0,1,1,0.2,100
"Adrian Manzo",2007-08-28,"D","Windsor Spitfires",4,0,1,1,0.25,100
"Adrian Rebelo",2004-06-22,"LW","Brantford Bulldogs",5,1,0,1,0.2,100
"Aiden Young",2007-04-18,"LW","Saginaw Spirit",4,0,1,1,0.25,33
"AJ Spellacy",2006-02-24,"C","Windsor Spitfires",3,0,1,1,0.33,100
"Alec Stewart",2005-04-02,"C","Windsor Spitfires",5,1,0,1,0.2,100
"Alex Cajkovic",2005-07-19,"D","North Bay Battalion",3,0,1,1,0.33,50
"Alex Kostov",2006-06-03,"RW","Soo Greyhounds",3,0,1,1,0.33,100
"Alex Messier",2005-03-23,"LW","Erie Otters",5,1,0,1,0.2,100
"Alex Pharand",2005-01-05,"RW","Sudbury Wolves",1,0,1,1,1,50
"Andrew MacNiel",2007-07-25,"RD","Kitchener Rangers",4,0,1,1,0.25,100
"Antonio Tersigni",2006-05-03,"C","Owen Sound Attack",4,0,1,1,0.25,100
"Artem Frolov",2007-05-05,"D","Niagara IceDogs",5,0,1,1,0.2,100
"Ben Pickell",2005-07-20,"C","Barrie Colts",3,0,1,1,0.33,100
"Blake Arrowsmith",2007-04-17,"RW","London Knights",3,1,0,1,0.33,100
"Brad Gardiner",2005-03-06,"C","Ottawa 67's",3,0,1,1,0.33,25
"Braden Haché",2003-05-21,"D","Saginaw Spirit",1,0,1,1,1,100
"Brady Stonehouse",2004-08-06,"RW","Ottawa 67's",2,1,0,1,0.5,100
"Braedyn Rogers",2006-11-22,"D","Owen Sound Attack",3,0,1,1,0.33,100
"Brayden Hislop",2003-09-26,"D","Guelph Storm",6,0,1,1,0.17,100
"Braydon McCallum",2006-05-03,"RW","Peterborough Petes",5,1,0,1,0.2,100
"Brenden Sirizzotti",2003-04-14,"RW","Soo Greyhounds",2,0,1,1,0.5,50
"Brett Bressette",2003-07-04,"LW","Erie Otters",5,0,1,1,0.2,50
"Brodie McConnell-Barker",2006-01-31,"D","Soo Greyhounds",4,0,1,1,0.25,100
"Brody Crane",2004-05-29,"LW","London Knights",4,0,1,1,0.25,100
"Caden Kelly",2006-01-15,"RW","Ottawa 67's",4,0,1,1,0.25,50
"Caden Taylor",2007-03-31,"LW","Sudbury Wolves",4,0,1,1,0.25,100
"Caeden Carlisle",2004-01-31,"D","Soo Greyhounds",4,0,1,1,0.25,100
"Caeden Heins",2006-02-06,"LW","Oshawa Generals",3,0,1,1,0.33,100
"Cam Gauvreau",2003-03-08,"D","Peterborough Petes",5,0,1,1,0.2,100
"Cameron Bergeron",2006-04-16,"D","Kingston Frontenacs",4,0,1,1,0.25,100
"Carson Cameron",2007-06-27,"D","Peterborough Petes",4,1,0,1,0.25,33
"Carson Campbell",2006-06-08,"D","Kitchener Rangers",4,0,1,1,0.25,100
"Carson Harmer",2007-01-13,"C","Saginaw Spirit",4,0,1,1,0.25,100
"Carter Lowe",2006-03-01,"LW","Barrie Colts",4,0,1,1,0.25,100
"Charlie Hilton",2006-09-15,"LW","Ottawa 67's",4,1,0,1,0.25,50
"Chris Grisolia",2005-04-30,"C","Barrie Colts",4,1,0,1,0.25,100
"Christopher Brown",2006-01-27,"C","Soo Greyhounds",4,1,0,1,0.25,100
"Cole Brown",2005-04-27,"RW","Brantford Bulldogs",4,0,1,1,0.25,100
"Colton Smith",2004-02-09,"LW","Windsor Spitfires",1,0,1,1,1,100
"Connor Federkow",2003-07-26,"D","Niagara IceDogs",4,0,1,1,0.25,100
"Connor Lockhart",2003-01-21,"RW","Peterborough Petes",2,0,1,1,0.5,50
"Connor Toms",2004-03-13,"D","Soo Greyhounds",4,0,1,1,0.25,25
"Conor Walton",2006-04-22,"D","Sudbury Wolves",4,0,1,1,0.25,100
"Daniil Sobolev",2003-03-03,"D","Niagara IceDogs",3,0,1,1,0.33,100
"David Goyette",2004-03-27,"C","Sudbury Wolves",1,0,1,1,1,33
"Deni Goure",2003-07-15,"C","Owen Sound Attack",3,0,1,1,0.33,33
"Derek Smyth",2004-04-17,"D","Ottawa 67's",3,1,0,1,0.33,100
"Dustin Good",2005-01-01,"RW","Soo Greyhounds",4,0,1,1,0.25,100
"Dylan Gordon",2004-08-13,"D","Mississauga Steelheads",1,0,1,1,1,100
"Easton Cowan",2005-05-20,"LW","London Knights",2,1,0,1,0.5,100
"Endo Meier",2005-07-20,"RW","Barrie Colts",4,1,0,1,0.25,100
"Ethan Czata",2007-05-29,"C","Niagara IceDogs",5,0,1,1,0.2,50
"Ethan Martin",2005-03-25,"C","Windsor Spitfires",3,0,1,1,0.33,100
"Ethan Weir",2007-01-10,"RW","Kingston Frontenacs",5,1,0,1,0.2,33
"Evan Klein",2004-01-12,"LW","Niagara IceDogs",5,1,0,1,0.2,100
"Evan Konyen",2004-02-22,"RW","Sudbury Wolves",3,0,1,1,0.33,100
"Evan Passmore",2006-12-05,"D","Barrie Colts",4,1,0,1,0.25,100
"Gabriel Runco",2005-01-08,"RD","Kitchener Rangers",4,0,1,1,0.25,100
"Gage Heyes",2004-04-21,"RW","Kingston Frontenacs",2,0,1,1,0.5,50
"Gavin Hayes",2004-05-14,"RW","Flint Firebirds",1,0,1,1,1,100
"Georgy Toroptsev",2006-04-22,"LW","Erie Otters",5,1,0,1,0.2,100
"Grayden Strohack",2006-06-09,"D","Flint Firebirds",4,0,1,1,0.25,100
"Henry Brzustewicz",2007-02-09,"D","London Knights",4,1,0,1,0.25,100
"Hughston Hurt",2007-07-10,"D","Sarnia Sting",4,0,1,1,0.25,100
"Hunter McKenzie",2006-12-07,"LW","Guelph Storm",6,0,1,1,0.17,50
"Jack Dever",2005-09-05,"RW","Ottawa 67's",4,0,1,1,0.25,100
"Jacob Carroll",2005-05-09,"D","Barrie Colts",2,0,1,1,0.5,100
"Jacob Holmes",2003-07-04,"D","Kingston Frontenacs",2,0,1,1,0.5,100
"Jacob LeBlanc",2004-06-03,"D","Sarnia Sting",4,0,1,1,0.25,100
"Jacob Maillet",2003-03-13,"C","Windsor Spitfires",2,1,0,1,0.5,33
"Jaiden Newton",2007-10-13,"C","Barrie Colts",3,1,0,1,0.33,100
"Jake Crawford",2007-05-05,"LW","Owen Sound Attack",4,1,0,1,0.25,100
"Jake Karabela",2004-03-07,"C","Guelph Storm",3,0,1,1,0.33,100
"James Jodoin",2003-02-04,"D","Windsor Spitfires",4,0,1,1,0.25,100
"Jeremy Martin",2007-02-06,"LW","Flint Firebirds",4,0,1,1,0.25,50
"Jett Luchanko",2006-08-21,"C","Guelph Storm",2,0,1,1,0.5,25
"Joey Willis",2005-03-14,"C","Saginaw Spirit",1,1,0,1,1,100
"Jordan D'Intino",2003-03-01,"LW","Soo Greyhounds",2,0,1,1,0.5,33
"Jorian Donovan",2004-04-05,"D","Brantford Bulldogs",3,0,1,1,0.33,50
"Josh Brady",2006-01-11,"D","Ottawa 67's",3,0,1,1,0.33,50
"Josh Glavin",2006-09-24,"D","Saginaw Spirit",4,0,1,1,0.25,100
"Justin DeZoete",2004-01-02,"LW","Mississauga Steelheads",3,1,0,1,0.33,100
"Kaeden Johnston",2005-02-03,"RW","London Knights",4,1,0,1,0.25,100
"Kaleb Dietsch",2007-01-03,"D","Ottawa 67's",2,0,1,1,0.5,100
"Kaleb Lawrence",2003-01-10,"LW","Owen Sound Attack",2,1,0,1,0.5,100
"Kashawn Aitcheson",2006-09-21,"D","Barrie Colts",5,0,1,1,0.2,100
"Kieron Walton",2006-04-22,"LW","Sudbury Wolves",4,0,1,1,0.25,33
"Kimi Körbler",2006-09-25,"RW","Ottawa 67's",4,1,0,1,0.25,100
"Kocha Delic",2004-03-11,"C","Sudbury Wolves",1,1,0,1,1,100
"Konnor Smith",2004-11-06,"D","Peterborough Petes",3,1,0,1,0.33,100
"Liam Gilmartin",2003-01-07,"LW","Erie Otters",1,0,1,1,1,100
"Linus Hemström",2004-01-16,"RW","Kingston Frontenacs",5,0,1,1,0.2,50
"Luca D'Amato",2004-08-18,"D","Oshawa Generals",4,0,1,1,0.25,100
"Luca Marrelli",2005-10-04,"D","Oshawa Generals",4,0,1,1,0.25,33
"Luca Pinelli",2005-04-05,"C","Ottawa 67's",2,1,0,1,0.5,50
"Lucas Moore",2005-06-07,"D","Brantford Bulldogs",3,0,1,1,0.33,100
"Markas Samenas",2004-02-02,"LW","Flint Firebirds",4,0,1,1,0.25,100
"Marko Stojkov",2004-08-11,"D","Flint Firebirds",4,1,0,1,0.25,33
"Martin Matejicek",2005-08-05,"D","Owen Sound Attack",4,1,0,1,0.25,100
"Masen Wray",2006-05-15,"C","Brantford Bulldogs",6,0,1,1,0.17,100
"Mason Chitaroni",2004-10-02,"D","Sudbury Wolves",4,0,1,1,0.25,50
"Mason Taylor",2006-02-23,"D","Flint Firebirds",3,0,1,1,0.33,100
"Matthew Andonovski",2005-03-14,"LD","Kitchener Rangers",4,0,1,1,0.25,100
"Matthew Buckley",2005-03-21,"RW","Oshawa Generals",4,0,1,1,0.25,50
"Matthew Wang",2005-08-22,"LW","Flint Firebirds",3,0,1,1,0.33,100
"Max McCue",2003-02-10,"LW","London Knights",1,1,0,1,1,50
"Max Namestnikov",2004-02-06,"LW","Guelph Storm",6,1,0,1,0.17,20
"Michael Buchinger",2004-04-25,"D","Guelph Storm",3,0,1,1,0.33,20
"Michael MacLean",2004-08-05,"D","Ottawa 67's",3,0,1,1,0.33,50
"Mike Levin",2005-10-16,"LW","Niagara IceDogs",4,0,1,1,0.25,100
"Mitchell Martin",2003-01-06,"LW","Kitchener Rangers",6,1,0,1,0.17,25
"Nathan Omeri",2006-06-15,"D","Sarnia Sting",4,0,1,1,0.25,50
"Nicholas Holomego",2006-05-19,"D","Erie Otters",5,0,1,1,0.2,100
"Nick Yearwood",2004-07-15,"LW","Sudbury Wolves",3,1,0,1,0.33,50
"Nikita Tarasevich",2003-02-09,"RW","Oshawa Generals",3,0,1,1,0.33,50
"Noah Roberts",2005-12-02,"D","Brantford Bulldogs",4,1,0,1,0.25,100
"Oliver Peer",2003-03-09,"RW","Windsor Spitfires",1,0,1,1,1,100
"Owain Johnston",2003-10-19,"D","Erie Otters",4,0,1,1,0.25,100
"Owen Outwater",2005-01-04,"LW","Kingston Frontenacs",2,1,0,1,0.5,100
"Owen Pitters",2005-08-28,"C","Flint Firebirds",4,1,0,1,0.25,100
"Owen Van Steensel",2004-08-04,"LW","North Bay Battalion",2,0,1,1,0.5,100
"Paul Christopoulos",2003-03-26,"D","North Bay Battalion",3,0,1,1,0.33,100
"Quentin Musty",2005-07-06,"LW","Sudbury Wolves",1,1,0,1,1,33
"Quinn Beauchesne",2007-03-01,"D","Guelph Storm",2,1,0,1,0.5,100
"Quinn Binnie",2004-04-29,"RW","Peterborough Petes",4,1,0,1,0.25,100
"Roberto Mancini",2003-07-08,"D","Saginaw Spirit",3,0,1,1,0.33,50
"Ryan McGuire",2004-02-29,"C","Guelph Storm",4,1,0,1,0.25,50
"Ryan Pryce",2004-02-06,"D","Sudbury Wolves",4,0,1,1,0.25,33
"Ryder McIntyre",2004-07-15,"RW","Oshawa Generals",4,1,0,1,0.25,100
"Rylan Fellinger",2007-05-16,"D","Flint Firebirds",3,0,1,1,0.33,100
"Sam Ethier",2006-08-09,"D","Owen Sound Attack",4,1,0,1,0.25,100
"Sam McCue",2005-10-03,"RW","Peterborough Petes",5,1,0,1,0.2,33
"Samuel Mayer",2003-04-15,"D","Peterborough Petes",2,0,1,1,0.5,50
"Sean Doherty",2006-03-23,"RW","Sarnia Sting",4,0,1,1,0.25,100
"Shamar Moses",2007-05-06,"RW","Barrie Colts",4,1,0,1,0.25,50
"Spencer Sova",2004-01-10,"D","Erie Otters",2,1,0,1,0.5,50
"Taeo Artichuk",2005-02-15,"LW","Erie Otters",5,0,1,1,0.2,100
"Thomas Budnick",2004-02-14,"D","Kingston Frontenacs",4,1,0,1,0.25,33
"Tristan Bertucci",2005-07-12,"D","Flint Firebirds",1,0,1,1,1,50
"Tristan Delisle",2007-05-15,"LW","Oshawa Generals",4,0,1,1,0.25,100
"Ty Henry",2006-07-19,"D","Erie Otters",6,0,1,1,0.17,100
"Tyler Graham",2006-08-10,"LW","Oshawa Generals",3,1,0,1,0.33,33
"Tyler Savard",2003-04-06,"LW","Barrie Colts",1,1,0,1,1,100
"Tyson Doucette",2004-01-30,"LW","Sarnia Sting",5,0,1,1,0.2,100
"Urban Podrekar",2005-02-14,"D","Niagara IceDogs",4,0,1,1,0.25,50
"Vann Williamson",2006-07-19,"D","Kingston Frontenacs",5,0,1,1,0.2,100
"Wil McFadden",2007-02-15,"C","Guelph Storm",6,0,1,1,0.17,50
"William Haley",2005-10-15,"D","Mississauga Steelheads",4,0,1,1,0.25,100
"William Stewart",2005-02-23,"RW","Niagara IceDogs",4,0,1,1,0.25,50
"Zacharie Giroux",2003-04-05,"C","Flint Firebirds",3,1,0,1,0.33,33
"Zackary Sandhu",2005-12-20,"D","Guelph Storm",6,0,1,1,0.17,50
"Zayne Parekh",2006-02-15,"D","Saginaw Spirit",3,0,1,1,0.33,33
"Adriano Tonin",2005-11-02,"LW","Windsor Spitfires",2,0,0,0,0,NA
"Alec Leonard",2004-05-13,"D","London Knights",4,0,0,0,0,NA
"Alexis Daviault",2005-06-17,"D","Erie Otters",4,0,0,0,0,NA
"Andre Anania",2003-03-02,"D","Sudbury Wolves",1,0,0,0,0,0
"Andrew Vermeulen",2006-02-07,"RW","Niagara IceDogs",3,0,0,0,0,NA
"Antonino Pugliese",2004-04-09,"RW","Kitchener Rangers",1,0,0,0,0,NA
"Beau Akey",2005-02-11,"D","Barrie Colts",2,0,0,0,0,0
"Ben Cormier",2006-07-20,"C","Owen Sound Attack",4,0,0,0,0,NA
"Blair Scott",2005-04-14,"LD","Kitchener Rangers",5,0,0,0,0,NA
"Blake Peters-Davey",2004-06-22,"LW","Sudbury Wolves",1,0,0,0,0,NA
"Blake Smith",2004-10-05,"D","Flint Firebirds",2,0,0,0,0,NA
"Bradley Horner",2005-06-16,"D","Ottawa 67's",1,0,0,0,0,NA
"Brayden Turley",2006-08-08,"D","North Bay Battalion",4,0,0,0,0,NA
"Brayden Velliaris",2005-04-16,"D","Peterborough Petes",4,0,0,0,0,NA
"Braydon Bruce",2006-05-11,"D","Sudbury Wolves",4,0,0,0,0,NA
"Brett Bouchard",2005-01-18,"RW","North Bay Battalion",4,0,0,0,0,0
"Brice Cooke",2004-03-23,"LW","North Bay Battalion",3,0,0,0,0,NA
"Bronson Ride",2005-01-14,"D","Niagara IceDogs",3,0,0,0,0,NA
"Cal Uens",2005-02-11,"D","Kingston Frontenacs",4,0,0,0,0,NA
"Caleb Van De Ven",2004-11-24,"D","Soo Greyhounds",4,0,0,0,0,NA
"Calvin Crombie",2005-09-03,"RW","Brantford Bulldogs",5,0,0,0,0,NA
"Carson Hall",2006-04-29,"LW","Sarnia Sting",5,0,0,0,0,NA
"Carson Woodall",2006-05-25,"D","Windsor Spitfires",5,0,0,0,0,0
"Carter Kostuch",2007-04-21,"LW","North Bay Battalion",4,0,0,0,0,NA
"Casey Bridgewater",2007-02-07,"D","Sarnia Sting",1,0,0,0,0,NA
"Cedrick Guindon",2004-04-21,"C","Owen Sound Attack",1,0,0,0,0,NA
"Chandler Romeo",2003-07-16,"D","Guelph Storm",5,0,0,0,0,0
"Chase Yanni",2007-01-08,"LW","Ottawa 67's",3,0,0,0,0,NA
"Chris Barlas",2005-01-10,"LW","Ottawa 67's",4,0,0,0,0,NA
"Chris O'Flaherty",2005-03-12,"LW","Niagara IceDogs",4,0,0,0,0,NA
"Christopher Thibodeau",2005-10-13,"RW","Kingston Frontenacs",5,0,0,0,0,NA
"Colby Barlow",2005-02-14,"LW","Owen Sound Attack",1,0,0,0,0,NA
"Colby Saganiuk",2003-02-05,"C","Erie Otters",1,0,0,0,0,NA
"Connor Clattenburg",2005-05-02,"LW","Soo Greyhounds",1,0,0,0,0,NA
"Cooper Foster",2005-06-04,"C","Ottawa 67's",3,0,0,0,0,0
"Daniel Chen",2006-08-04,"D","Brantford Bulldogs",6,0,0,0,0,NA
"Darcy Dewachter",2007-03-01,"D","Niagara IceDogs",1,0,0,0,0,NA
"David Bedkowski",2006-12-07,"D","Oshawa Generals",4,0,0,0,0,NA
"David Brown",2005-03-19,"LW","Saginaw Spirit",4,0,0,0,0,NA
"Declan Gallivan",2007-06-03,"D","North Bay Battalion",1,0,0,0,0,NA
"Denver Barkey",2005-04-27,"RW","London Knights",1,0,0,0,0,0
"Djibril Toure",2003-06-05,"D","Sudbury Wolves",1,0,0,0,0,NA
"Duncan Schneider",2005-07-05,"D","Kingston Frontenacs",4,0,0,0,0,NA
"Easton Wainwright",2005-01-19,"C","Sarnia Sting",1,0,0,0,0,NA
"Ethan Hay",2005-01-15,"C","Flint Firebirds",1,0,0,0,0,NA
"Ethan Larmand",2003-11-12,"C","Sudbury Wolves",3,0,0,0,0,0
"Ethan MacKinnon",2003-05-22,"D","London Knights",2,0,0,0,0,NA
"Ethan Miedema",2005-03-22,"LW","Kingston Frontenacs",3,0,0,0,0,NA
"Ethan Procyszyn",2006-07-11,"RW","North Bay Battalion",3,0,0,0,0,NA
"Ethan Quick",2005-01-27,"RW","Barrie Colts",1,0,0,0,0,NA
"Evan Hjelholt",2006-12-14,"D","Windsor Spitfires",5,0,0,0,0,NA
"Evan Van Gorp",2006-05-18,"LW","London Knights",3,0,0,0,0,NA
"Finn Harding",2005-03-02,"D","Mississauga Steelheads",2,0,0,0,0,NA
"Fraser McDonell",2006-03-02,"D","Oshawa Generals",2,0,0,0,0,NA
"Gabriel Chiarot",2006-09-17,"RW","Mississauga Steelheads",5,0,0,0,0,NA
"Gabriel Smith",2007-01-01,"D","Owen Sound Attack",3,0,0,0,0,NA
"George Alboim",2005-03-15,"D","Erie Otters",5,0,0,0,0,NA
"Grant Spada",2007-06-24,"D","Guelph Storm",2,0,0,0,0,0
"Graydon Jones",2007-01-01,"D","Saginaw Spirit",4,0,0,0,0,NA
"Grayson Tiller",2005-02-20,"D","Barrie Colts",2,0,0,0,0,0
"Harrison Ballard",2004-04-16,"C","Guelph Storm",2,0,0,0,0,NA
"Hudson Chitaroni",2007-08-22,"C","Sudbury Wolves",4,0,0,0,0,0
"Hunter Brzustewicz",2004-11-29,"RD","Kitchener Rangers",3,0,0,0,0,0
"Hunter Solomon",2007-12-04,"D","Soo Greyhounds",3,0,0,0,0,NA
"Ihnat Pazii",2006-12-04,"LW","North Bay Battalion",1,0,0,0,0,NA
"Isaiah George",2004-02-15,"D","London Knights",1,0,0,0,0,NA
"Ivan Galiyanov",2007-10-16,"LW","Niagara IceDogs",4,0,0,0,0,NA
"Jack Brauti",2006-05-24,"D","Barrie Colts",2,0,0,0,0,NA
"Jack Greenwell",2005-01-05,"RW","Windsor Spitfires",5,0,0,0,0,0
"Jackson Edward",2004-02-27,"D","London Knights",1,0,0,0,0,NA
"Jackson Stewart",2004-06-18,"LW","Owen Sound Attack",1,0,0,0,0,NA
"Jacob Battaglia",2006-03-17,"RW","Kingston Frontenacs",5,0,0,0,0,0
"Jacob Cloutier",2007-03-22,"RW","Saginaw Spirit",4,0,0,0,0,NA
"Jacob Frasca",2003-03-19,"C","Barrie Colts",1,0,0,0,0,NA
"Jacob Julien",2004-09-12,"LW","London Knights",2,0,0,0,0,NA
"Jacob Therrien",2006-02-08,"LW","North Bay Battalion",2,0,0,0,0,NA
"Jakub Chromiak",2005-11-02,"D","Sudbury Wolves",3,0,0,0,0,0
"James Guo",2005-04-02,"D","Saginaw Spirit",1,0,0,0,0,NA
"James Petrovski",2005-08-12,"D","Owen Sound Attack",2,0,0,0,0,NA
"Jared Woolley",2006-02-27,"D","London Knights",3,0,0,0,0,NA
"Jimmy Lombardi",2007-02-16,"C","Flint Firebirds",4,0,0,0,0,NA
"Jonathon Pylypuik",2006-03-25,"C","Oshawa Generals",4,0,0,0,0,NA
"Joseph Cadorin",2007-03-29,"LW","Peterborough Petes",4,0,0,0,0,NA
"Joshua Avery",2007-01-30,"C","Brantford Bulldogs",4,0,0,0,0,NA
"Justin Handsor",2007-09-24,"D","Barrie Colts",2,0,0,0,0,NA
"Kasper Halttunen",2005-06-07,"RW","London Knights",1,0,0,0,0,0
"Kyle Morey",2005-06-27,"C","Kitchener Rangers",3,0,0,0,0,NA
"Landon McCallum",2003-09-05,"RW","Sudbury Wolves",2,0,0,0,0,NA
"Liam Arnsby",2003-11-20,"C","North Bay Battalion",1,0,0,0,0,NA
"Liam Ladds",2007-10-28,"D","Peterborough Petes",5,0,0,0,0,NA
"Liam Spencer",2006-01-19,"D","Mississauga Steelheads",4,0,0,0,0,NA
"Liam Storch",2006-01-20,"RW","Saginaw Spirit",4,0,0,0,0,0
"Lincoln Moore",2005-09-21,"RW","Saginaw Spirit",4,0,0,0,0,NA
"Lirim Amidovski",2006-12-22,"RW","North Bay Battalion",4,0,0,0,0,NA
"Lucas Rodriguez",2006-04-26,"D","Oshawa Generals",4,0,0,0,0,NA
"Lukas Fischer",2006-09-09,"D","Sarnia Sting",5,0,0,0,0,0
"Maleek McGowan",2005-06-13,"D","Kingston Frontenacs",4,0,0,0,0,NA
"Mathieu Paris",2005-01-01,"C","Niagara IceDogs",4,0,0,0,0,NA
"Matthew Jenken",2005-10-12,"D","Flint Firebirds",2,0,0,0,0,NA
"Matthew Mayich",2004-12-21,"D","Ottawa 67's",2,0,0,0,0,0
"Matthew Soto",2005-08-31,"RW","Kingston Frontenacs",3,0,0,0,0,NA
"Matthew Virgilio",2006-03-24,"D","Soo Greyhounds",4,0,0,0,0,0
"Michael Derbidge",2005-04-04,"LW","Barrie Colts",3,0,0,0,0,NA
"Mitchell Brooks",2005-03-23,"LW","Kingston Frontenacs",3,0,0,0,0,NA
"Nathan Leek",2005-09-16,"LW","Peterborough Petes",3,0,0,0,0,NA
"Nathan Sauder",2005-02-01,"D","Erie Otters",4,0,0,0,0,NA
"Nathan Villeneuve",2006-04-13,"C","Sudbury Wolves",2,0,0,0,0,0
"Nic Sima",2005-03-31,"RW","Saginaw Spirit",2,0,0,0,0,NA
"Nick DeAngelis",2004-05-22,"D","Windsor Spitfires",1,0,0,0,0,0
"Nick Graniero",2004-04-20,"LW","Windsor Spitfires",1,0,0,0,0,NA
"Nico Addy",2007-08-17,"RW","Owen Sound Attack",3,0,0,0,0,NA
"Noah Jenken",2007-03-08,"D","London Knights",1,0,0,0,0,NA
"Noah Morneau",2004-05-07,"C","Windsor Spitfires",2,0,0,0,0,NA
"Noah Van Vliet",2004-02-18,"D","Brantford Bulldogs",4,0,0,0,0,NA
"Nolan Jackson",2007-01-02,"D","Sudbury Wolves",1,0,0,0,0,NA
"Nolan Laird",2006-01-04,"C","North Bay Battalion",4,0,0,0,0,NA
"Oliver Bonk",2005-01-09,"D","London Knights",2,0,0,0,0,0
"Owen MacDonald",2004-08-28,"D","Sarnia Sting",4,0,0,0,0,NA
"Owen Protz",2006-02-07,"D","Sudbury Wolves",4,0,0,0,0,0
"Pasquale Zito",2003-06-01,"C","North Bay Battalion",1,0,0,0,0,NA
"Paul Ludwinski",2004-04-23,"C","Kingston Frontenacs",2,0,0,0,0,0
"PJ Fagan II",2007-05-02,"D","London Knights",3,0,0,0,0,NA
"PJ Forgione",2004-11-12,"D","Saginaw Spirit",4,0,0,0,0,0
"Quinton Burns",2005-04-14,"D","Kingston Frontenacs",2,0,0,0,0,0
"Quinton Pagé",2005-08-03,"LW","Peterborough Petes",4,0,0,0,0,NA
"Rasmus Kumpulainen",2005-08-08,"C","Oshawa Generals",1,0,0,0,0,NA
"Reed Gee",2006-03-12,"D","Flint Firebirds",4,0,0,0,0,NA
"Rene Van Bommel",2006-05-14,"LW","London Knights",3,0,0,0,0,NA
"Reyth Smith",2007-07-27,"C","North Bay Battalion",1,0,0,0,0,NA
"Riley Pope",2004-10-23,"C","Sudbury Wolves",3,0,0,0,0,NA
"Roman Kukumberg",2005-03-01,"C","Sarnia Sting",5,0,0,0,0,0
"Ryan Gagner",2004-04-08,"C","Peterborough Petes",2,0,0,0,0,NA
"Ryan O'Dell",2004-02-14,"D","Guelph Storm",4,0,0,0,0,NA
"Ryan Vannetten",2004-03-30,"D","Niagara IceDogs",5,0,0,0,0,NA
"Ryder Boulton",2006-06-21,"LW","London Knights",4,0,0,0,0,NA
"Sam Dickinson",2006-06-07,"D","London Knights",4,0,0,0,0,0
"Sam Sedley",2003-06-08,"D","Owen Sound Attack",1,0,0,0,0,NA
"Sandis Vilmanis",2004-01-23,"LW","Sarnia Sting",2,0,0,0,0,NA
"Sebastien Gervais",2005-04-11,"LW","Saginaw Spirit",2,0,0,0,0,NA
"Shawn Costello",2007-01-20,"C","Oshawa Generals",1,0,0,0,0,NA
"Spencer Evans",2006-05-12,"D","Soo Greyhounds",1,0,0,0,0,NA
"Tanner Ryan",2004-01-23,"RW","Brantford Bulldogs",1,0,0,0,0,NA
"Taos Jordan",2004-03-29,"D","Owen Sound Attack",3,0,0,0,0,NA
"Thomas Chafe",2005-04-19,"RW","Owen Sound Attack",3,0,0,0,0,NA
"Thomas Stewart",2003-01-06,"D","Oshawa Generals",2,0,0,0,0,NA
"Tnias Mathurin",2004-01-15,"D","North Bay Battalion",2,0,0,0,0,NA
"Tomáš Hamara",2004-03-09,"LD","Kitchener Rangers",4,0,0,0,0,0
"Tomislav Brennan",2005-03-15,"C","Owen Sound Attack",4,0,0,0,0,NA
"Trevor O’Dell",2006-07-17,"D","Windsor Spitfires",5,0,0,0,0,0
"Ty Nelson",2004-03-30,"D","North Bay Battalion",1,0,0,0,0,NA
"Ty Petrou",2004-05-10,"C","Oshawa Generals",1,0,0,0,0,NA
"Tyson Rismond",2006-03-30,"D","North Bay Battalion",4,0,0,0,0,NA
"Wylie Birkett",2004-03-05,"LW","Kingston Frontenacs",1,0,0,0,0,NA
"Xander Velliaris",2007-04-23,"D","Kingston Frontenacs",3,0,0,0,0,NA
"Zach Wigle",2004-01-12,"C","Barrie Colts",4,0,0,0,0,NA
"Zach Wilson",2007-03-07,"D","North Bay Battalion",2,0,0,0,0,NA
"Zack Lewis",2005-01-25,"RW","Peterborough Petes",5,0,0,0,0,NA
