"Name","Rookie","JN","BD","BD_Y","Hgt","Wgt","Pos","Team","GP","G","A","PTS","Pts/G","+/-","PPG","PPA","PPP","SHG","SHA","SHPTS","GWG","ENG","PIM","Active"
"Rob Schremp","NO",44,1986-07-01,1986,"6.00",185,"C","London Knights",19,10,37,47,2.47,4,5,25,30,1,0,1,0,0,35,1
"Sergei Kostitsyn","YES",24,1987-03-20,1987,"6.00",190,"RW","London Knights",19,13,24,37,1.95,2,6,13,19,0,2,2,5,0,44,1
"Dylan Hunter","NO",79,1985-05-21,1985,"6.00",196,"LW","London Knights",19,13,23,36,1.89,4,8,16,24,0,0,0,1,0,16,1
"Daniel Ryder","NO",23,1987-01-12,1987,"5.11",180,"C","Peterborough Petes",19,15,16,31,1.63,12,8,9,17,2,0,2,3,0,22,1
"Matt D'Agostini","NO",21,1986-10-23,1986,"6.00",176,"RW","Guelph Storm",15,8,20,28,1.87,12,1,12,13,2,1,3,3,0,16,1
"David Bolland","NO",91,1986-06-05,1986,"6.00",185,"RW","London Knights",15,15,9,24,1.6,4,7,4,11,1,0,1,2,2,41,1
"Ryan Callahan","NO",24,1985-03-21,1985,"5.11",185,"RW","Guelph Storm",13,7,17,24,1.85,11,3,8,11,1,1,2,0,0,20,1
"Bryan Little","NO",18,1987-11-12,1987,"5.10",195,"C","Barrie Colts",14,8,15,23,1.64,7,2,13,15,1,0,1,0,0,19,1
"Luch Aquino","NO",19,1985-01-26,1985,"5.09",201,"RW","Brampton Battalion",11,8,13,21,1.91,-2,4,8,12,0,0,0,3,0,23,1
"Steve Downie","NO",20,1987-04-03,1987,"5.10",191,"C","Peterborough Petes",19,6,15,21,1.11,-1,2,12,14,0,0,0,3,0,38,1
"Travis Fuller","NO",25,1986-01-25,1986,"6.01",200,"LW","Barrie Colts",14,13,7,20,1.43,-1,4,4,8,1,0,1,0,1,20,1
"Adam Perry","NO",87,1987-01-12,1987,"6.00",195,"LW","London Knights",19,8,12,20,1.05,0,4,5,9,0,0,0,1,0,16,1
"Jakub Petruzalek","NO",91,1985-04-24,1985,"5.09",172,"C","Barrie Colts",14,8,11,19,1.36,-5,7,7,14,0,0,0,3,0,14,1
"Jordan Morrison","NO",9,1986-06-06,1986,"6.00",165,"C","Peterborough Petes",19,6,13,19,1,2,4,7,11,0,0,0,1,0,23,1
"Kelsey Wilson","NO",16,1986-01-22,1986,"6.01",216,"LW","Guelph Storm",15,12,6,18,1.2,11,8,2,10,0,0,0,0,0,33,1
"Patrick Kaleta","NO",27,1986-06-08,1986,"6.01",200,"RW","Peterborough Petes",19,8,10,18,0.95,8,4,5,9,0,0,0,3,0,43,1
"Wojtek Wolski","NO",17,1986-02-24,1986,"6.03",202,"LW","Brampton Battalion",11,7,11,18,1.64,-6,5,8,13,1,0,1,0,0,4,1
"Lubomir Stach","NO",4,1986-05-28,1986,"5.10",180,"D","Peterborough Petes",19,2,16,18,0.95,12,0,10,10,0,0,0,0,0,8,1
"Ryan Hamilton","NO",9,1985-04-15,1985,"6.02",219,"LW","Barrie Colts",14,8,9,17,1.21,-2,6,5,11,0,0,0,1,0,11,1
"Vladimir Nikiforov","YES",71,1987-10-07,1987,"5.07",170,"RW","Barrie Colts",14,3,14,17,1.21,3,3,6,9,0,0,0,1,0,6,1
"Jordan Staal","NO",11,1988-09-10,1988,"6.03",200,"C","Peterborough Petes",19,10,6,16,0.84,7,4,5,9,2,0,2,1,0,16,1
"James Neal","NO",19,1987-09-03,1987,"6.03",205,"LW","Plymouth Whalers",13,9,7,16,1.23,5,4,3,7,2,0,2,2,0,33,1
"John Vigilante","NO",9,1985-05-24,1985,"6.00",195,"LW","Plymouth Whalers",13,4,12,16,1.23,-1,1,7,8,1,0,1,0,0,0,1
"Bobby Sanguinetti","NO",22,1988-02-29,1988,"6.02",183,"D","Owen Sound Attack",11,5,10,15,1.36,2,4,7,11,0,2,2,0,0,4,1
"Trevor Hendrikx","NO",7,1985-03-29,1985,"6.02",205,"D","Peterborough Petes",19,5,10,15,0.79,2,3,7,10,0,1,1,2,0,40,1
"Mike Angelidis","NO",28,1985-06-27,1985,"6.01",215,"LW","Owen Sound Attack",11,5,9,14,1.27,-5,2,7,9,1,1,2,1,0,38,1
"Liam Reddox","NO",22,1986-01-27,1986,"5.11",185,"LW","Peterborough Petes",19,5,9,14,0.74,11,1,8,9,0,0,0,0,0,20,1
"David Pszenyczny","NO",5,1985-02-18,1985,"6.00",190,"D","Barrie Colts",14,2,12,14,1,7,1,7,8,0,1,1,1,0,22,1
"Jeff Kyrzakos","NO",16,1985-02-06,1985,"6.01",192,"RW","Owen Sound Attack",11,8,5,13,1.18,-2,4,2,6,2,0,2,2,1,18,1
"Andrej Sekera","NO",3,1986-06-08,1986,"6.00",200,"D","Owen Sound Attack",11,5,8,13,1.18,1,3,4,7,0,0,0,1,0,9,1
"Drew Doughty","YES",8,1989-12-08,1989,"6.00",213,"D","Guelph Storm",14,0,13,13,0.93,2,0,12,12,0,0,0,0,0,18,1
"Robbie Drummond","NO",17,1986-02-19,1986,"5.11",175,"RW","London Knights",19,8,4,12,0.63,3,4,3,7,1,0,1,2,0,16,1
"Jamie Tardif","NO",25,1985-01-23,1985,"6.00",210,"RW","Peterborough Petes",19,6,6,12,0.63,4,6,2,8,0,1,1,1,0,18,1
"Bobby Ryan","NO",9,1987-03-17,1987,"6.02",211,"RW","Owen Sound Attack",11,5,7,12,1.09,-1,4,5,9,0,0,0,0,0,14,1
"Hunter Tremblay","NO",17,1986-01-15,1986,"5.11",185,"LW","Barrie Colts",14,4,8,12,0.86,9,3,3,6,0,1,1,0,0,18,1
"Kyle Wharton","NO",6,1986-03-03,1986,"6.02",189,"D","Guelph Storm",15,4,8,12,0.8,-3,3,7,10,0,0,0,1,1,20,1
"Benoit Pouliot","NO",67,1986-09-29,1986,"6.03",190,"LW","Sudbury Wolves",8,8,3,11,1.38,4,3,2,5,1,0,1,3,0,16,1
"Fredrik Naslund","YES",24,1986-09-15,1986,"6.04",220,"RW","Peterborough Petes",19,6,5,11,0.58,8,0,0,0,0,0,0,1,0,6,1
"Andrew Fournier","NO",15,1987-11-05,1987,"5.11",192,"C","Plymouth Whalers",13,5,6,11,0.85,-3,4,2,6,0,1,1,1,0,8,1
"Rafael Rotter","YES",20,1987-06-14,1987,"5.08",175,"C","Guelph Storm",15,5,6,11,0.73,1,2,2,4,0,0,0,1,0,18,1
"John Armstrong","NO",18,1988-02-26,1988,"6.02",205,"C","Plymouth Whalers",13,4,7,11,0.85,4,1,3,4,0,0,0,0,0,18,1
"Evan Brophey","NO",11,1986-12-03,1986,"6.01",202,"C","Plymouth Whalers",13,4,7,11,0.85,-1,0,4,4,0,0,0,0,0,18,1
"Cal O'Reilly","NO",16,1986-09-30,1986,"5.11",179,"C","Windsor Spitfires",7,3,8,11,1.57,-4,2,5,7,0,0,0,1,0,0,1
"Bryan Bickell","NO",17,1986-03-09,1986,"6.04",215,"LW","Windsor Spitfires",7,5,5,10,1.43,-2,3,4,7,0,0,0,0,0,10,1
"Josh Beaulieu","NO",10,1987-01-10,1987,"6.01",190,"LW","London Knights",18,4,5,9,0.5,3,0,0,0,0,0,0,0,0,12,1
"Andrew Marshall","NO",55,1986-08-07,1986,"5.10",195,"D","Barrie Colts",14,3,6,9,0.64,-3,2,3,5,1,0,1,0,1,14,1
"Kevin Baker","NO",10,1987-03-27,1987,"6.00",190,"C","Sudbury Wolves",10,1,8,9,0.9,0,0,2,2,1,0,1,0,0,2,1
"Justin Donati","NO",81,1986-10-17,1986,"5.10",174,"C","Toronto St. Michael's Majors",4,5,3,8,2,0,2,3,5,0,0,0,0,0,4,1
"Mike McLean","NO",19,1986-01-06,1986,"6.01",189,"LW","Guelph Storm",15,5,3,8,0.53,-1,2,2,4,1,0,1,2,0,6,1
"Jason Pitton","NO",17,1986-05-23,1986,"6.03",219,"LW","Guelph Storm",15,5,3,8,0.53,2,2,2,4,0,0,0,1,1,18,1
"Aaron Snow","NO",9,1988-05-20,1988,"6.01",204,"LW","Brampton Battalion",11,4,4,8,0.73,-5,4,0,4,0,0,0,0,0,22,1
"Patrick Davis","NO",71,1986-12-28,1986,"6.02",211,"LW","Windsor Spitfires",7,2,6,8,1.14,-2,1,5,6,0,0,0,0,0,12,1
"Luke Lynes","NO",15,1987-11-28,1987,"6.01",189,"LW","Brampton Battalion",11,2,6,8,0.73,-6,2,5,7,0,0,0,1,0,10,1
"Marc Staal","NO",14,1987-01-13,1987,"6.04",205,"D","Sudbury Wolves",10,0,8,8,0.8,1,0,4,4,0,1,1,0,0,8,1
"Tom Sestito","NO",21,1987-09-28,1987,"6.05",212,"LW","Plymouth Whalers",13,5,2,7,0.54,-2,1,0,1,0,0,0,1,0,29,1
"Logan Couture","YES",89,1989-03-28,1989,"6.00",191,"C","Ottawa 67's",6,3,4,7,1.17,0,2,4,6,0,0,0,0,0,0,1
"Brett Liscomb","NO",81,1986-01-28,1986,"5.09",186,"LW","Ottawa 67's",5,2,5,7,1.4,-1,1,3,4,0,0,0,0,0,10,1
"Chris Hulit","NO",9,1985-01-15,1985,"6.01",195,"RW","Ottawa 67's",6,2,5,7,1.17,-2,0,4,4,0,0,0,0,0,0,1
"Paul McFarland","NO",21,1985-12-06,1985,"6.02",201,"LW","Windsor Spitfires",7,2,5,7,1,-4,1,4,5,0,0,0,1,0,10,1
"Kyle Sonnenburg","NO",27,1986-05-07,1986,"6.01",192,"D","Brampton Battalion",11,2,5,7,0.64,2,0,5,5,0,0,0,1,0,8,1
"Wes Cunningham","NO",3,1987-03-09,1987,"5.11",180,"D","Plymouth Whalers",13,2,5,7,0.54,0,2,3,5,0,0,0,0,0,16,1
"Tyler Doig","NO",26,1986-02-15,1986,"6.00",192,"C","Guelph Storm",15,2,5,7,0.47,1,1,0,1,0,0,0,0,1,8,1
"Ryan McGinnis","NO",10,1987-03-03,1987,"6.02",206,"D","Plymouth Whalers",11,1,6,7,0.64,6,1,2,3,0,1,1,0,0,20,1
"Theo Peckham","NO",24,1987-11-10,1987,"6.02",223,"D","Owen Sound Attack",11,1,6,7,0.64,-3,0,4,4,0,1,1,0,0,32,1
"Greg Stewart","NO",16,1986-05-21,1986,"6.02",185,"LW","Peterborough Petes",19,1,6,7,0.37,4,0,0,0,0,0,0,0,0,30,1
"Aaron Dawson","NO",2,1985-03-11,1985,"6.05",220,"D","Peterborough Petes",19,4,2,6,0.32,10,1,1,2,0,0,0,1,0,18,1
"Andrew Gibbons","NO",13,1986-08-12,1986,"6.02",200,"RW","Belleville Bulls",6,2,4,6,1,2,1,1,2,0,0,0,0,0,14,1
"Joe Grimaldi","NO",4,1986-08-23,1986,"6.00",205,"D","Ottawa 67's",6,2,4,6,1,1,2,4,6,0,0,0,1,0,10,1
"Marek Bartanus","YES",23,1987-02-13,1987,"6.04",220,"LW","Owen Sound Attack",10,2,4,6,0.6,2,0,1,1,0,0,0,0,0,8,1
"Jared Boll","YES",7,1986-05-13,1986,"6.03",195,"RW","Plymouth Whalers",13,2,4,6,0.46,-1,0,0,0,0,0,0,0,0,21,1
"Mark O'Leary","NO",12,1985-01-21,1985,"5.10",195,"LW","Guelph Storm",13,2,4,6,0.46,0,1,0,1,0,1,1,0,0,18,1
"Jamie VanderVeeken","NO",21,1986-01-20,1986,"6.03",223,"LW","London Knights",19,2,4,6,0.32,2,0,0,0,0,0,0,0,0,16,1
"Derek Joslin","NO",77,1987-03-17,1987,"6.01",175,"D","Ottawa 67's",6,1,5,6,1,-4,1,5,6,0,0,0,0,0,10,1
"Michael Vernace","NO",2,1986-05-26,1986,"6.00",208,"D","Brampton Battalion",11,1,5,6,0.55,-8,0,4,4,0,0,0,0,0,6,1
"Michael Lombardi","NO",94,1987-08-06,1987,"6.01",205,"LW","Barrie Colts",14,1,5,6,0.43,2,0,0,0,0,0,0,0,0,8,1
"Steve Ward","NO",26,1986-02-13,1986,"6.00",197,"D","Plymouth Whalers",13,0,6,6,0.46,3,0,4,4,0,0,0,0,0,18,1
"Mark Versteeg-Lytwyn","NO",11,1986-11-27,1986,"5.11",190,"LW","Sudbury Wolves",10,4,1,5,0.5,-3,0,1,1,1,0,1,0,0,20,1
"Dan Collins","NO",17,1987-02-26,1987,"6.01",209,"RW","Plymouth Whalers",4,3,2,5,1.25,1,2,1,3,0,0,0,1,0,2,1
"Brandon MacLean","NO",17,1987-09-04,1987,"6.01",182,"LW","Sault Ste. Marie Greyhounds",4,3,2,5,1.25,-2,0,1,1,0,0,0,0,0,9,1
"Scott Giles","NO",7,1987-01-19,1987,"5.08",172,"C","Owen Sound Attack",11,3,2,5,0.45,-1,1,0,1,1,0,1,1,0,8,1
"Chris Terry","YES",20,1989-04-07,1989,"5.10",190,"C","Plymouth Whalers",11,3,2,5,0.45,0,0,1,1,0,0,0,1,0,4,1
"Scott Tregunna","YES",12,1987-06-12,1987,"6.02",210,"RW","Owen Sound Attack",11,3,2,5,0.45,1,1,1,2,0,1,1,0,0,8,1
"Matthieu Methot","YES",63,1987-10-08,1987,"6.03",212,"LW","Barrie Colts",14,3,2,5,0.36,3,0,0,0,0,0,0,0,1,14,1
"Andrew Desjardins","NO",22,1986-07-27,1986,"6.00",197,"C","Sault Ste. Marie Greyhounds",4,2,3,5,1.25,-3,1,2,3,0,0,0,0,0,10,1
"Ryan Garlock","NO",18,1986-04-24,1986,"6.01",202,"C","Windsor Spitfires",7,2,3,5,0.71,-1,0,1,1,0,0,0,0,1,18,1
"Bradley Snetsinger","NO",41,1987-04-08,1987,"6.02",187,"LW","Windsor Spitfires",7,2,3,5,0.71,-2,1,2,3,0,0,0,1,0,8,1
"Todd Perry","NO",4,1986-12-13,1986,"6.03",230,"D","Barrie Colts",14,2,3,5,0.36,6,0,2,2,0,0,0,0,0,29,1
"Tyler Haskins","NO",14,1986-05-26,1986,"6.01",187,"C","Toronto St. Michael's Majors",4,1,4,5,1.25,2,0,1,1,0,0,0,0,0,8,1
"John Hughes","NO",14,1988-01-06,1988,"5.10",177,"C","Belleville Bulls",6,1,4,5,0.83,4,0,1,1,0,0,0,1,0,10,1
"Ryan Parent","NO",7,1987-03-17,1987,"6.02",205,"D","Guelph Storm",15,1,4,5,0.33,2,1,1,2,0,0,0,0,0,24,1
"Jordan Foreman","NO",57,1987-01-06,1987,"5.10",178,"C","London Knights",18,1,4,5,0.28,4,0,0,0,1,1,2,0,0,36,1
"Trevor Kell","NO",11,1986-06-23,1986,"6.00",185,"RW","London Knights",19,1,4,5,0.26,5,1,0,1,0,1,1,0,0,22,1
"Ryan Kitchen","NO",26,1985-02-06,1985,"5.10",183,"RW","Sault Ste. Marie Greyhounds",4,3,1,4,1,-2,1,0,1,0,0,0,0,0,8,1
"Cory Konecny","NO",7,1985-10-22,1985,"5.11",195,"RW","Kitchener Rangers",5,3,1,4,0.8,1,1,0,1,0,0,0,0,0,12,1
"Matt Dias","YES",15,1988-04-29,1988,"5.11",200,"RW","Sudbury Wolves",10,3,1,4,0.4,1,2,1,3,0,0,0,0,0,8,1
"Jeff Larsh","NO",18,1985-01-24,1985,"6.00",195,"RW","Toronto St. Michael's Majors",4,2,2,4,1,1,1,0,1,0,1,1,0,0,0,1
"Todd Griffith","NO",22,1985-01-27,1985,"5.11",184,"LW","Kingston Frontenacs",6,2,2,4,0.67,1,0,1,1,0,0,0,0,0,12,1
"Matt Kelly","NO",16,1985-03-23,1985,"6.02",205,"D","Belleville Bulls",6,2,2,4,0.67,4,0,1,1,0,0,0,0,0,0,1
"Matt Lahey","NO",8,1988-12-28,1988,"6.01",200,"RW","Ottawa 67's",6,2,2,4,0.67,0,1,2,3,0,0,0,0,0,4,1
"Jamie McGinn","NO",88,1988-08-05,1988,"6.00",200,"LW","Ottawa 67's",6,2,2,4,0.67,-3,2,2,4,0,0,0,0,0,4,1
"Peder Skinner","NO",12,1986-07-11,1986,"5.08",165,"C","Kingston Frontenacs",6,2,2,4,0.67,2,1,0,1,1,0,1,0,0,4,1
"Mitch Maunu","NO",5,1986-07-30,1986,"6.02",210,"D","Windsor Spitfires",7,2,2,4,0.57,-5,1,1,2,0,0,0,0,0,8,1
"Kyle Raftis","NO",26,1986-05-28,1986,"6.03",201,"D","Peterborough Petes",10,2,2,4,0.4,3,2,1,3,0,0,0,0,0,6,1
"Justin Caruana","NO",19,1987-07-17,1987,"6.02",210,"LW","Peterborough Petes",19,2,2,4,0.21,2,0,0,0,0,0,0,0,0,21,1
"Michal Birner","NO",26,1986-03-02,1986,"6.00",190,"RW","Saginaw Spirit",4,1,3,4,1,-1,0,2,2,1,0,1,0,0,8,1
"Patrick McNeill","NO",8,1987-03-17,1987,"6.00",199,"D","Saginaw Spirit",4,1,3,4,1,-1,1,2,3,0,0,0,0,0,6,1
"Scott Restoule","NO",19,1987-06-13,1987,"5.11",190,"C","Sault Ste. Marie Greyhounds",4,1,3,4,1,1,1,1,2,0,0,0,0,0,0,1
"Cory Vitarelli","NO",25,1985-06-30,1985,"5.10",204,"LW","Toronto St. Michael's Majors",4,1,3,4,1,0,1,2,3,0,0,0,0,0,8,1
"Ryan Wilson","NO",5,1987-02-03,1987,"6.01",206,"D","Toronto St. Michael's Majors",4,1,3,4,1,-3,0,2,2,0,0,0,0,0,12,1
"Evan McGrath","NO",19,1986-01-14,1986,"6.00",192,"C","Kitchener Rangers",5,1,3,4,0.8,1,0,0,0,0,0,0,0,0,4,1
"Radek Smolenak","NO",10,1986-12-03,1986,"6.03",204,"RW","Kingston Frontenacs",6,1,3,4,0.67,-4,1,1,2,0,0,0,0,0,20,1
"Cory Tanaka","NO",7,1988-05-17,1988,"5.10",188,"C","Belleville Bulls",6,1,3,4,0.67,0,0,0,0,0,1,1,0,0,2,1
"Anton Hedman","YES",25,1986-05-15,1986,"6.03",215,"RW","Sudbury Wolves",8,1,3,4,0.5,-2,1,1,2,0,0,0,1,0,19,1
"Nick Foligno","NO",16,1987-10-31,1987,"6.00",195,"C","Sudbury Wolves",10,1,3,4,0.4,0,1,1,2,0,1,1,0,0,28,1
"Devin DiDiomete","NO",24,1988-05-09,1988,"6.01",190,"LW","Sudbury Wolves",10,0,4,4,0.4,-1,0,2,2,0,0,0,0,0,26,1
"Matthew Bragg","NO",45,1987-06-12,1987,"5.09",200,"C","Barrie Colts",14,0,4,4,0.29,-1,0,1,1,0,1,1,0,0,18,1
"Scott Cowie","NO",12,1988-05-05,1988,"6.00",190,"C","Peterborough Petes",19,0,4,4,0.21,-1,0,1,1,0,0,0,0,0,2,1
"Shawn Matthias","NO",12,1988-02-19,1988,"6.04",213,"C","Belleville Bulls",6,3,0,3,0.5,-1,2,0,2,1,0,1,0,0,2,1
"Mike Roelofsen","NO",93,1987-03-19,1987,"5.11",190,"C","Barrie Colts",14,3,0,3,0.21,-1,0,0,0,1,0,1,2,0,12,1
"Matt Caria","YES",84,1988-08-16,1988,"6.00",201,"C","Toronto St. Michael's Majors",4,2,1,3,0.75,-1,0,0,0,1,0,1,0,0,6,1
"Jesse Gimblett","NO",10,1985-01-04,1985,"6.03",215,"LW","Saginaw Spirit",4,2,1,3,0.75,-3,1,1,2,0,0,0,0,0,6,1
"Mike Duco","NO",14,1987-07-08,1987,"5.09",197,"LW","Kitchener Rangers",5,2,1,3,0.6,-2,1,1,2,0,0,0,1,0,10,1
"Thomas Kiriakou","YES",13,1988-01-24,1988,"5.11",201,"C","Ottawa 67's",6,2,1,3,0.5,-2,2,0,2,0,0,0,0,0,2,1
"Peter Aston","NO",10,1986-02-24,1986,"6.01",205,"D","Windsor Spitfires",7,2,1,3,0.43,-5,2,0,2,0,0,0,0,0,2,1
"Jason Cassidy","NO",25,1987-06-18,1987,"5.09",165,"RW","Brampton Battalion",10,2,1,3,0.3,-2,1,0,1,0,0,0,0,0,12,1
"Gerome Giudice","YES",51,1989-03-11,1989,"5.11",198,"LW","Sudbury Wolves",10,2,1,3,0.3,2,0,0,0,0,0,0,0,0,28,1
"Billy Burke","NO",86,1986-06-26,1986,"6.01",204,"C","Barrie Colts",14,2,1,3,0.21,-3,1,0,1,1,0,1,1,0,12,1
"Chris Morrison","NO",19,1986-04-16,1986,"6.00",198,"RD","Barrie Colts",14,2,1,3,0.21,-1,0,0,0,0,0,0,0,0,10,1
"Julian Talbot","NO",27,1985-03-24,1985,"5.11",178,"C","Ottawa 67's",3,1,2,3,1,-1,1,2,3,0,0,0,0,0,8,1
"Tyler Donati","NO",96,1986-10-17,1986,"5.10",190,"LW","Toronto St. Michael's Majors",4,1,2,3,0.75,-3,1,1,2,0,0,0,0,0,8,1
"Dustin Jeffrey","NO",15,1988-02-27,1988,"6.03",199,"C","Sault Ste. Marie Greyhounds",4,1,2,3,0.75,-2,1,0,1,0,0,0,0,0,2,1
"Tyler Kennedy","NO",14,1986-07-15,1986,"5.10",183,"C","Sault Ste. Marie Greyhounds",4,1,2,3,0.75,-3,1,2,3,0,0,0,0,0,2,1
"Tom Pyatt","NO",27,1987-02-14,1987,"5.11",181,"C","Saginaw Spirit",4,1,2,3,0.75,-2,0,1,1,0,0,0,0,0,4,1
"Trevor Solomon","NO",7,1987-11-04,1987,"6.01",197,"D","Sault Ste. Marie Greyhounds",4,1,2,3,0.75,1,1,1,2,0,0,0,0,0,4,1
"Matt Auffrey","NO",44,1986-01-03,1986,"6.02",198,"RW","Kitchener Rangers",5,1,2,3,0.6,2,0,1,1,0,0,0,0,0,12,1
"Scott Baker","NO",10,1987-05-15,1987,"5.11",170,"LW","Belleville Bulls",6,1,2,3,0.5,-1,0,1,1,0,0,0,0,0,6,1
"Matt Beleskey","NO",17,1988-06-07,1988,"6.00",207,"LW","Belleville Bulls",6,1,2,3,0.5,3,0,0,0,0,0,0,0,0,10,1
"Bryan Cameron","YES",23,1989-02-25,1989,"5.10",183,"C","Belleville Bulls",6,1,2,3,0.5,-1,0,2,2,0,0,0,0,0,6,1
"Keaton Turkiewicz","NO",19,1988-03-02,1988,"5.11",180,"RW","Windsor Spitfires",7,1,2,3,0.43,-4,1,1,2,0,0,0,0,0,4,1
"Ryan Hastings","NO",4,1985-08-03,1985,"6.03",225,"D","Sudbury Wolves",10,1,2,3,0.3,-4,1,1,2,0,1,1,0,0,31,1
"Derek Brochu","NO",11,1987-05-06,1987,"5.09",186,"RW","Owen Sound Attack",11,1,2,3,0.27,-4,0,0,0,1,0,1,0,0,18,1
"Joe McCann","NO",23,1987-03-02,1987,"6.03",203,"RW","Plymouth Whalers",13,1,2,3,0.23,2,0,0,0,0,0,0,0,0,5,1
"Jordan Grant","NO",24,1986-12-16,1986,"6.03",215,"LW","Barrie Colts",14,1,2,3,0.21,2,0,1,1,0,0,0,0,0,17,1
"Nick Plastino","NO",8,1986-02-20,1986,"6.00",198,"D","Barrie Colts",14,1,2,3,0.21,0,0,0,0,0,0,0,0,0,17,1
"Michael Caruso","NO",2,1988-07-05,1988,"6.03",195,"D","Guelph Storm",15,1,2,3,0.2,10,0,0,0,0,1,1,0,0,24,1
"Justin Azevedo","NO",15,1988-04-01,1988,"5.08",180,"C","Kitchener Rangers",5,0,3,3,0.6,-4,0,2,2,0,0,0,0,0,12,1
"Nick Spaling","YES",11,1988-09-19,1988,"6.01",183,"LW","Kitchener Rangers",5,0,3,3,0.6,0,0,1,1,0,0,0,0,0,0,1
"Mickey Renaud","YES",18,1988-10-05,1988,"6.03",220,"C","Windsor Spitfires",7,0,3,3,0.43,2,0,0,0,0,0,0,0,0,12,1
"Jeff Moor","YES",6,1986-06-13,1986,"6.03",201,"D","Owen Sound Attack",8,0,3,3,0.38,-2,0,3,3,0,0,0,0,0,24,1
"Nick Tuzzolino","NO",29,1986-01-19,1986,"6.06",222,"D","Sudbury Wolves",10,0,3,3,0.3,2,0,1,1,0,1,1,0,0,22,1
"Gino Pisellini","NO",24,1986-08-05,1986,"6.01",210,"RW","Plymouth Whalers",13,0,3,3,0.23,0,0,0,0,0,0,0,0,0,28,1
"Matt Clarke","YES",15,1988-04-08,1988,"5.11",188,"C","London Knights",19,0,3,3,0.16,2,0,0,0,0,0,0,0,0,8,1
"Craig Voakes","NO",23,1986-01-02,1986,"5.11",185,"C","Kitchener Rangers",5,2,0,2,0.4,-1,1,0,1,0,0,0,0,0,0,1
"Cory Emmerton","NO",25,1988-06-01,1988,"6.00",190,"LW","Kingston Frontenacs",6,2,0,2,0.33,-4,1,0,1,0,0,0,1,0,6,1
"Chris Stewart","NO",24,1987-10-30,1987,"6.02",226,"RW","Kingston Frontenacs",6,2,0,2,0.33,-5,0,0,0,1,0,1,1,0,13,1
"Jonathan D'Aversa","NO",8,1986-03-02,1986,"6.02",200,"D","Sudbury Wolves",10,2,0,2,0.2,2,0,0,0,0,0,0,0,0,17,1
"Jamie Arniel","YES",11,1989-11-16,1989,"6.00",190,"C","Guelph Storm",15,2,0,2,0.13,2,1,0,1,0,0,0,0,0,4,1
"Ryan Martinelli","NO",27,1986-09-02,1986,"6.05",212,"D","London Knights",19,2,0,2,0.11,1,0,0,0,0,0,0,1,0,40,1
"Matt Corrente","NO",13,1988-03-17,1988,"6.00",200,"D","Saginaw Spirit",4,1,1,2,0.5,-4,1,1,2,0,0,0,0,0,8,1
"Matt Halischuk","NO",8,1988-06-01,1988,"5.11",177,"RW","Toronto St. Michael's Majors",4,1,1,2,0.5,-1,0,0,0,0,0,0,0,0,0,1
"Matthew Lyall","YES",11,1988-02-08,1988,"5.11",167,"C","Sault Ste. Marie Greyhounds",4,1,1,2,0.5,-1,0,0,0,0,0,0,0,0,0,1
"Yves Bastien","YES",16,1989-08-02,1989,"5.10",185,"LW","Kitchener Rangers",5,1,1,2,0.4,1,0,0,0,0,0,0,0,0,0,1
"Matt Lashoff","NO",5,1986-09-29,1986,"6.02",207,"D","Kitchener Rangers",5,1,1,2,0.4,1,0,0,0,0,0,0,0,0,12,1
"Bobby Hughes","NO",19,1987-11-11,1987,"5.11",180,"C","Kingston Frontenacs",6,1,1,2,0.33,-4,0,1,1,0,0,0,0,0,4,1
"Adam Nemeth","NO",7,1986-02-22,1986,"6.00",190,"D","Kingston Frontenacs",6,1,1,2,0.33,-2,1,0,1,0,0,0,0,0,20,1
"Andrew Self","NO",26,1987-01-08,1987,"6.03",200,"LW","Belleville Bulls",6,1,1,2,0.33,-2,1,0,1,0,0,0,0,0,7,1
"Igor Gongalsky","NO",10,1986-11-05,1986,"6.00",218,"LW","Owen Sound Attack",11,1,1,2,0.18,-2,0,0,0,0,0,0,1,0,19,1
"Howie Martin","NO",14,1986-11-18,1986,"5.11",202,"C","Brampton Battalion",11,1,1,2,0.18,-5,0,1,1,0,0,0,0,0,8,1
"Taylor Raszka","NO",22,1986-10-22,1986,"6.01",184,"LW","Brampton Battalion",11,1,1,2,0.18,-4,0,0,0,0,0,0,0,0,6,1
"Ryan Pottruff","NO",4,1986-07-11,1986,"6.03",227,"D","Guelph Storm",14,1,1,2,0.14,10,0,0,0,0,0,0,1,0,6,1
"Scott Aarssen","YES",6,1988-05-10,1988,"5.11",190,"D","London Knights",19,1,1,2,0.11,6,0,0,0,0,0,0,0,0,6,1
"David Halasz","NO",20,1986-09-08,1986,"6.01",200,"D","London Knights",19,1,1,2,0.11,5,0,0,0,0,0,0,0,0,6,1
"David Lomas","NO",3,1985-03-21,1985,"6.01",218,"RW","Kitchener Rangers",2,0,2,2,1,-1,0,1,1,0,0,0,0,0,7,1
"Scott Lehman","NO",11,1986-01-05,1986,"6.01",200,"D","Toronto St. Michael's Majors",4,0,2,2,0.5,-3,0,1,1,0,0,0,0,0,15,1
"Cody Thornton","NO",9,1986-07-16,1986,"5.11",169,"RW","Sault Ste. Marie Greyhounds",4,0,2,2,0.5,-3,0,2,2,0,0,0,0,0,6,1
"Victor Oreskovich","NO",71,1986-08-15,1986,"6.03",215,"RW","Kitchener Rangers",5,0,2,2,0.4,-1,0,1,1,0,0,0,0,0,4,1
"Matt Pepe","NO",20,1987-02-22,1987,"5.11",212,"D","Kitchener Rangers",5,0,2,2,0.4,3,0,0,0,0,0,0,0,0,16,1
"Boris Valabik","NO",28,1986-02-14,1986,"6.06",229,"D","Kitchener Rangers",5,0,2,2,0.4,0,0,1,1,0,0,0,0,0,14,1
"Andrew Kizito","YES",14,1987-02-24,1987,"5.11",183,"D","Kingston Frontenacs",6,0,2,2,0.33,1,0,1,1,0,0,0,0,0,2,1
"Brock McPherson","NO",11,1985-07-24,1985,"6.01",220,"LW","Belleville Bulls",6,0,2,2,0.33,-1,0,1,1,0,0,0,0,0,6,1
"Ben Shutron","NO",4,1988-06-14,1988,"6.00",195,"D","Kingston Frontenacs",6,0,2,2,0.33,-4,0,0,0,0,1,1,0,0,14,1
"Brian Soso","NO",12,1987-04-27,1987,"6.05",217,"RW","Windsor Spitfires",7,0,2,2,0.29,-1,0,0,0,0,0,0,0,0,4,1
"Zack Shepley","NO",28,1987-08-28,1987,"6.04",218,"D","Plymouth Whalers",11,0,2,2,0.18,-2,0,1,1,0,0,0,0,0,12,1
"Tomas Stryncl","NO",7,1987-01-12,1987,"6.01",195,"D","Brampton Battalion",11,0,2,2,0.18,4,0,0,0,0,0,0,0,0,6,1
"Matt Kennedy","YES",15,1989-03-04,1989,"6.02",203,"RW","Guelph Storm",13,0,2,2,0.15,1,0,0,0,0,0,0,0,0,8,1
"Derek Merlini","NO",4,1985-07-06,1985,"6.07",248,"D","Plymouth Whalers",13,0,2,2,0.15,7,0,0,0,0,0,0,0,0,31,1
"Kris Belan","NO",14,1986-12-19,1986,"6.02",200,"LW","London Knights",14,0,2,2,0.14,1,0,0,0,0,0,0,0,0,30,1
"Blake Parlett","YES",96,1989-05-13,1989,"6.01",205,"D","Barrie Colts",14,0,2,2,0.14,2,0,1,1,0,0,0,0,0,6,1
"Kevin Henderson","NO",47,1986-12-03,1986,"6.03",210,"LW","Kitchener Rangers",2,1,0,1,0.5,1,0,0,0,0,0,0,0,0,0,1
"Kyle Hope","YES",19,1987-07-26,1987,"6.01",180,"D","Sudbury Wolves",2,1,0,1,0.5,1,0,0,0,0,0,0,0,0,2,1
"Arron Alphonso","NO",71,1988-11-14,1988,"6.01",191,"RW","Ottawa 67's",4,1,0,1,0.25,0,1,0,1,0,0,0,1,0,4,1
"Justin DiBenedetto","NO",16,1988-08-25,1988,"6.00",195,"C","Toronto St. Michael's Majors",4,1,0,1,0.25,-2,0,0,0,0,0,0,0,0,11,1
"Zack Torquato","YES",22,1989-06-08,1989,"5.11",205,"C","Saginaw Spirit",4,1,0,1,0.25,-3,1,0,1,0,0,0,0,0,6,1
"Jakub Kindl","NO",9,1987-02-10,1987,"6.03",202,"D","Kitchener Rangers",5,1,0,1,0.2,-5,1,0,1,0,0,0,0,0,10,1
"Mike Bushby","NO",11,1987-05-22,1987,"6.01",195,"D","Windsor Spitfires",6,1,0,1,0.17,-1,0,0,0,0,0,0,0,0,0,1
"Shea Kewin","YES",25,1988-02-25,1988,"6.00",188,"RW","Ottawa 67's",6,1,0,1,0.17,0,0,0,0,0,0,0,0,0,2,1
"Jeff Leavitt","NO",22,1986-04-16,1986,"6.01",195,"LW","Belleville Bulls",6,1,0,1,0.17,1,0,0,0,0,0,0,1,0,0,1
"Cory McGillis","NO",7,1988-07-09,1988,"6.02",215,"LW","Windsor Spitfires",6,1,0,1,0.17,-2,0,0,0,0,0,0,0,0,8,1
"Pat Ouellette","NO",21,1987-04-21,1987,"5.11",177,"C","Ottawa 67's",6,1,0,1,0.17,-1,1,0,1,0,0,0,0,0,0,1
"Michal Klejna","YES",26,1987-10-08,1987,"6.00",185,"C","Brampton Battalion",8,1,0,1,0.13,2,0,0,0,0,0,0,0,0,4,1
"Mike Mills","NO",96,1986-05-27,1986,"6.01",180,"RW","Sudbury Wolves",10,1,0,1,0.1,0,0,0,0,1,0,1,0,0,9,1
"Marcus Carroll","YES",21,1989-01-15,1989,"5.08",186,"C","Owen Sound Attack",11,1,0,1,0.09,1,0,0,0,1,0,1,0,0,10,1
"Andy Hyvarinen","NO",9,1987-12-29,1987,"5.09",187,"LW","Guelph Storm",14,1,0,1,0.07,-2,0,0,0,0,0,0,0,0,4,1
"Andrew Wilkins","YES",26,1988-07-25,1988,"5.10",162,"D","London Knights",14,1,0,1,0.07,-1,0,0,0,0,0,0,0,0,0,1
"Josh Godfrey","NO",27,1988-01-15,1988,"6.02",200,"D","Sault Ste. Marie Greyhounds",1,0,1,1,1,1,0,0,0,0,0,0,0,0,0,1
"Zach Harnden","YES",17,1989-09-23,1989,"6.02",208,"RW","Peterborough Petes",2,0,1,1,0.5,2,0,0,0,0,0,0,0,0,0,1
"Jack Combs","NO",21,1988-01-26,1988,"6.00",201,"RW","Saginaw Spirit",3,0,1,1,0.33,-2,0,1,1,0,0,0,0,0,0,1
"Gary Friesen","NO",21,1987-04-28,1987,"6.00",200,"C","Sudbury Wolves",3,0,1,1,0.33,0,0,0,0,0,1,1,0,0,6,1
"Tyler Cuthbert","NO",8,1987-05-05,1987,"6.05",211,"D","Sault Ste. Marie Greyhounds",4,0,1,1,0.25,-7,0,0,0,0,0,0,0,0,10,1
"Micheal Haley","NO",18,1986-03-30,1986,"5.10",210,"C","Toronto St. Michael's Majors",4,0,1,1,0.25,-6,0,0,0,0,0,0,0,0,11,1
"Brett Halstead","YES",25,1988-03-27,1988,"6.03",202,"D","Sault Ste. Marie Greyhounds",4,0,1,1,0.25,-2,0,1,1,0,0,0,0,0,4,1
"David Kuchejda","YES",24,1987-06-12,1987,"5.11",194,"RW","Sault Ste. Marie Greyhounds",4,0,1,1,0.25,-3,0,1,1,0,0,0,0,0,8,1
"Ryan McDonough","NO",29,1988-01-02,1988,"5.09",177,"C","Saginaw Spirit",4,0,1,1,0.25,-1,0,0,0,0,0,0,0,0,8,1
"Vaclav Meidl","NO",12,1986-05-27,1986,"6.05",215,"LW","Saginaw Spirit",4,0,1,1,0.25,-3,0,0,0,0,1,1,0,0,10,1
"Jaroslav Mrazek","NO",6,1986-01-14,1986,"6.02",202,"D","Toronto St. Michael's Majors",4,0,1,1,0.25,-3,0,0,0,0,0,0,0,0,2,1
"Michael Quesnele","YES",5,1989-01-18,1989,"5.08",188,"D","Sault Ste. Marie Greyhounds",4,0,1,1,0.25,0,0,1,1,0,0,0,0,0,0,1
"Elgin Reid","NO",85,1987-02-23,1987,"5.11",190,"D","Ottawa 67's",4,0,1,1,0.25,-2,0,1,1,0,0,0,0,0,2,1
"Pat Daley","YES",18,1989-04-08,1989,"5.11",190,"RW","Ottawa 67's",5,0,1,1,0.2,-1,0,0,0,0,0,0,0,0,0,1
"Mark Fraser","NO",6,1986-09-26,1986,"6.03",206,"D","Kitchener Rangers",5,0,1,1,0.2,0,0,0,0,0,0,0,0,0,4,1
"Akim Aliu","YES",78,1989-04-24,1989,"6.03",216,"RW","Sudbury Wolves",6,0,1,1,0.17,-2,0,0,0,0,0,0,0,0,7,1
"Geoff Killing","NO",4,1987-08-22,1987,"6.01",199,"D","Belleville Bulls",6,0,1,1,0.17,0,0,0,0,0,0,0,0,0,2,1
"Luke Pither","YES",11,1989-04-26,1989,"6.00",194,"C","Kingston Frontenacs",6,0,1,1,0.17,-3,0,1,1,0,0,0,0,0,2,1
"Blake Pronk","NO",9,1986-07-18,1986,"6.00",187,"LW","Kingston Frontenacs",6,0,1,1,0.17,0,0,1,1,0,0,0,0,0,6,1
"Matt Smyth","NO",5,1985-07-03,1985,"6.02",181,"D","Belleville Bulls",6,0,1,1,0.17,5,0,1,1,0,0,0,0,0,10,1
"Jakub Vojta","YES",33,1987-02-08,1987,"6.00",194,"D","Ottawa 67's",6,0,1,1,0.17,-3,0,0,0,0,0,0,0,0,6,1
"Justin Wallingford","NO",21,1987-05-12,1987,"6.07",236,"D","Kingston Frontenacs",6,0,1,1,0.17,1,0,0,0,0,1,1,0,0,20,1
"Chris Purves","YES",24,1987-10-21,1987,"6.03",186,"D","Windsor Spitfires",7,0,1,1,0.14,2,0,0,0,0,0,0,0,0,0,1
"Jonathan Sciacca","NO",55,1988-04-16,1988,"5.11",197,"D","Windsor Spitfires",7,0,1,1,0.14,0,0,1,1,0,0,0,0,0,8,1
"Troy Murray","YES",7,1987-04-22,1987,"6.03",210,"D","Sudbury Wolves",9,0,1,1,0.11,0,0,0,0,0,0,0,0,0,0,1
"Ryan Donally","NO",27,1985-02-04,1985,"6.05",226,"LW","Sudbury Wolves",10,0,1,1,0.1,0,0,0,0,0,0,0,0,0,27,1
"Adam McQuaid","NO",5,1986-10-12,1986,"6.04",205,"D","Sudbury Wolves",10,0,1,1,0.1,1,0,0,0,0,0,0,0,0,16,1
"Zach McCullough","YES",18,1987-08-15,1987,"6.03",199,"D","Owen Sound Attack",11,0,1,1,0.09,-4,0,0,0,0,0,0,0,0,8,1
"Corey Syvret","YES",75,1989-02-19,1989,"6.03",202,"D","London Knights",11,0,1,1,0.09,0,0,0,0,0,0,0,0,0,6,1
"Brandon Biggers","YES",10,1988-08-21,1988,"6.02",191,"LW","Guelph Storm",13,0,1,1,0.08,-1,0,0,0,0,0,0,0,0,4,1
"Justin Soryal","NO",14,1987-06-29,1987,"6.02",200,"LW","Peterborough Petes",17,0,1,1,0.06,-4,0,0,0,0,0,0,0,0,16,1
"Craig Cescon","NO",18,1986-08-18,1986,"6.02",195,"D","Peterborough Petes",19,0,1,1,0.05,10,0,0,0,0,0,0,0,0,48,1
"Chris Ferguson","NO",34,1988-02-09,1988,"6.00",174,"LW","London Knights",1,0,0,0,0,0,0,0,0,0,0,0,0,0,0,1
"Payton Liske","NO",27,1988-11-28,1988,"6.03",210,"LW","Owen Sound Attack",1,0,0,0,0,0,0,0,0,0,0,0,0,0,0,1
"Julien Machabee","YES",2,1988-02-29,1988,"6.01",177,"D","Kitchener Rangers",1,0,0,0,0,0,0,0,0,0,0,0,0,0,0,1
"Andrew Maksym","NO",8,1986-02-16,1986,"5.11",200,"RW","Belleville Bulls",1,0,0,0,0,0,0,0,0,0,0,0,0,0,4,1
"Ondrej Otcenas","YES",29,1987-03-06,1987,"6.01",190,"C","Plymouth Whalers",1,0,0,0,0,0,0,0,0,0,0,0,0,0,0,1
"Cody Smith","YES",24,1988-11-03,1988,"6.02",200,"LW","Brampton Battalion",1,0,0,0,0,-1,0,0,0,0,0,0,0,0,0,1
"Tom Craig","YES",17,1989-03-09,1989,"6.03",218,"C","Saginaw Spirit",2,0,0,0,0,0,0,0,0,0,0,0,0,0,0,1
"Leo Jenner","YES",4,1989-06-27,1989,"6.04",224,"D","Plymouth Whalers",2,0,0,0,0,0,0,0,0,0,0,0,0,0,0,1
"Kyle Jukosky","YES",19,1988-10-03,1988,"5.08",190,"C","Belleville Bulls",2,0,0,0,0,0,0,0,0,0,0,0,0,0,0,1
"Brent Mackie","NO",11,1987-04-19,1987,"6.01",203,"D","Ottawa 67's",2,0,0,0,0,0,0,0,0,0,0,0,0,0,2,1
"Michael Pelech","YES",27,1989-10-06,1989,"6.02",212,"C","Kitchener Rangers",2,0,0,0,0,0,0,0,0,0,0,0,0,0,0,1
"Joe Pleckaitis","YES",12,1989-06-13,1989,"6.00",188,"LW","Ottawa 67's",2,0,0,0,0,0,0,0,0,0,0,0,0,0,0,1
"Michael Root","NO",22,1985-04-13,1985,"6.02",225,"D","Windsor Spitfires",2,0,0,0,0,-1,0,0,0,0,0,0,0,0,0,1
"Andrew Campbell","YES",18,1988-02-04,1988,"6.05",201,"D","Sault Ste. Marie Greyhounds",3,0,0,0,0,-2,0,0,0,0,0,0,0,0,4,1
"Dan Gyenes","NO",24,1987-05-20,1987,"6.00",200,"D","Kitchener Rangers",3,0,0,0,0,0,0,0,0,0,0,0,0,0,0,1
"Tim Priamo","YES",25,1988-04-07,1988,"6.02",195,"LW","Saginaw Spirit",3,0,0,0,0,0,0,0,0,0,0,0,0,0,2,1
"P.K. Subban","YES",6,1989-05-13,1989,"6.00",202,"D","Belleville Bulls",3,0,0,0,0,0,0,0,0,0,0,0,0,0,2,1
"Patrick Asselin","NO",23,1987-07-02,1987,"6.00",180,"LW","Saginaw Spirit",4,0,0,0,0,-1,0,0,0,0,0,0,0,0,2,1
"Jeff Barletta","YES",27,1988-07-22,1988,"6.03",200,"D","Toronto St. Michael's Majors",4,0,0,0,0,0,0,0,0,0,0,0,0,0,0,1
"Ryan Berard","NO",28,1987-04-08,1987,"6.02",200,"RW","Saginaw Spirit",4,0,0,0,0,-2,0,0,0,0,0,0,0,0,0,1
"Chris Chappell","YES",19,1988-03-21,1988,"6.04",212,"LW","Saginaw Spirit",4,0,0,0,0,0,0,0,0,0,0,0,0,0,2,1
"Scott Fletcher","NO",24,1988-01-12,1988,"6.04",223,"D","Saginaw Spirit",4,0,0,0,0,0,0,0,0,0,0,0,0,0,6,1
"Tyson Gimblett","NO",20,1985-04-01,1985,"6.03",220,"D","Saginaw Spirit",4,0,0,0,0,-3,0,0,0,0,0,0,0,0,6,1
"Brad Good","NO",3,1986-03-10,1986,"6.01",211,"D","Sault Ste. Marie Greyhounds",4,0,0,0,0,-5,0,0,0,0,0,0,0,0,13,1
"Marek Horsky","YES",12,1986-12-30,1986,"5.09",171,"C","Toronto St. Michael's Majors",4,0,0,0,0,-1,0,0,0,0,0,0,0,0,0,1
"Jacob King","NO",21,1986-01-04,1986,"5.10",181,"RW","Sault Ste. Marie Greyhounds",4,0,0,0,0,-4,0,0,0,0,0,0,0,0,0,1
"Jamie Klie","NO",16,1987-03-25,1987,"6.00",204,"D","Saginaw Spirit",4,0,0,0,0,-2,0,0,0,0,0,0,0,0,6,1
"Jacob Lalonde","NO",28,1988-01-08,1988,"6.02",200,"LW","Sault Ste. Marie Greyhounds",4,0,0,0,0,0,0,0,0,0,0,0,0,0,6,1
"Justin Levac","YES",18,1989-04-25,1989,"6.01",196,"LW","Brampton Battalion",4,0,0,0,0,1,0,0,0,0,0,0,0,0,0,1
"Derek Lewis","NO",21,1986-01-09,1986,"6.02",212,"D","Toronto St. Michael's Majors",4,0,0,0,0,1,0,0,0,0,0,0,0,0,2,1
"Tom Mannino","NO",5,1987-02-19,1987,"5.11",216,"D","Saginaw Spirit",4,0,0,0,0,-3,0,0,0,0,0,0,0,0,2,1
"Alex Penner","YES",29,1986-08-22,1986,"6.04",219,"LW","Sault Ste. Marie Greyhounds",4,0,0,0,0,0,0,0,0,0,0,0,0,0,4,1
"Andrew Shennan","NO",10,1985-02-19,1985,"6.00",205,"RW","Toronto St. Michael's Majors",4,0,0,0,0,-1,0,0,0,0,0,0,0,0,6,1
"Garrett Sinfield","YES",2,1987-03-26,1987,"6.03",205,"D","Saginaw Spirit",4,0,0,0,0,-1,0,0,0,0,0,0,0,0,2,1
"Steve Spade","NO",4,1987-12-10,1987,"6.02",205,"D","Toronto St. Michael's Majors",4,0,0,0,0,-2,0,0,0,0,0,0,0,0,4,1
"Adam Zamec","YES",17,1989-09-22,1989,"6.01",188,"LW","Toronto St. Michael's Majors",4,0,0,0,0,0,0,0,0,0,0,0,0,0,2,1
"Myles Applebaum","NO",91,1988-03-16,1988,"6.02",180,"C","Kitchener Rangers",5,0,0,0,0,0,0,0,0,0,0,0,0,0,0,1
"Matt Kang","YES",17,1988-11-09,1988,"6.00",189,"LW","Owen Sound Attack",5,0,0,0,0,0,0,0,0,0,0,0,0,0,2,1
"Mike Noyes","YES",16,1988-05-21,1988,"6.03",187,"D","London Knights",5,0,0,0,0,0,0,0,0,0,0,0,0,0,0,1
"Tibor Radulay","YES",62,1988-01-06,1988,"6.00",205,"LW","Ottawa 67's",5,0,0,0,0,-2,0,0,0,0,0,0,0,0,6,1
"Jean-Michel Rizk","NO",37,1986-03-24,1986,"6.00",198,"RW","Kitchener Rangers",5,0,0,0,0,0,0,0,0,0,0,0,0,0,2,1
"Brodie Beard","NO",2,1986-06-12,1986,"6.00",214,"D","Ottawa 67's",6,0,0,0,0,-2,0,0,0,0,0,0,0,0,10,1
"Bobby Bolt","NO",23,1987-04-29,1987,"6.04",216,"LW","Kingston Frontenacs",6,0,0,0,0,-1,0,0,0,0,0,0,0,0,4,1
"Connor Cameron","NO",17,1985-05-11,1985,"5.11",180,"C","Kingston Frontenacs",6,0,0,0,0,-2,0,0,0,0,0,0,0,0,10,1
"Shawn Connors","NO",5,1988-06-30,1988,"6.00",196,"D","Kingston Frontenacs",6,0,0,0,0,0,0,0,0,0,0,0,0,0,0,1
"Ryan Crouch","YES",9,1988-01-11,1988,"6.01",205,"D","Sudbury Wolves",6,0,0,0,0,-1,0,0,0,0,0,0,0,0,0,1
"Bobby Davey","NO",2,1987-04-20,1987,"6.01",195,"D","Belleville Bulls",6,0,0,0,0,-1,0,0,0,0,0,0,0,0,4,1
"Michael Kolarz","NO",3,1987-01-12,1987,"6.00",192,"D","Kingston Frontenacs",6,0,0,0,0,1,0,0,0,0,0,0,0,0,2,1
"Robbie Lawrance","NO",22,1986-05-04,1986,"6.01",187,"D","Ottawa 67's",6,0,0,0,0,0,0,0,0,0,0,0,0,0,6,1
"Mike Looby","NO",6,1985-01-28,1985,"6.00",180,"D","Kingston Frontenacs",6,0,0,0,0,-5,0,0,0,0,0,0,0,0,19,1
"Nick Pageau","YES",24,1988-01-08,1988,"6.00",187,"D","Belleville Bulls",6,0,0,0,0,-2,0,0,0,0,0,0,0,0,4,1
"Frank Rediker","NO",2,1985-03-15,1985,"6.02",205,"D","London Knights",6,0,0,0,0,-3,0,0,0,0,0,0,0,0,4,1
"Tony Rizzi","NO",15,1987-01-06,1987,"6.02",190,"RW","Kingston Frontenacs",6,0,0,0,0,-2,0,0,0,0,0,0,0,0,2,1
"Sean Ryan","YES",19,1988-02-27,1988,"5.11",186,"D","Ottawa 67's",6,0,0,0,0,-2,0,0,0,0,0,0,0,0,10,1
"Jordan Shine","NO",27,1988-12-14,1988,"6.02",195,"LW","Belleville Bulls",6,0,0,0,0,0,0,0,0,0,0,0,0,0,2,1
"Ryan Stephenson","NO",39,1986-04-09,1986,"6.04",215,"LW","Plymouth Whalers",6,0,0,0,0,0,0,0,0,0,0,0,0,0,0,1
"Steve Whitely","NO",3,1987-07-16,1987,"6.05",205,"D","Belleville Bulls",6,0,0,0,0,0,0,0,0,0,0,0,0,0,4,1
"Jared Cipparone","NO",20,1986-02-14,1986,"5.11",206,"LW","Windsor Spitfires",7,0,0,0,0,-3,0,0,0,0,0,0,0,0,7,1
"Iain McPhee","NO",4,1985-10-01,1985,"6.03",205,"D","Windsor Spitfires",7,0,0,0,0,-4,0,0,0,0,0,0,0,0,13,1
"Mike Weber","NO",6,1987-12-16,1987,"6.02",205,"D","Windsor Spitfires",7,0,0,0,0,-3,0,0,0,0,0,0,0,0,12,1
"Jesse Messier","YES",71,1988-03-05,1988,"5.11",195,"RW","Sudbury Wolves",8,0,0,0,0,0,0,0,0,0,0,0,0,0,2,1
"Josh Catto","YES",15,1988-04-19,1988,"6.00",188,"RW","Owen Sound Attack",9,0,0,0,0,-1,0,0,0,0,0,0,0,0,0,1
"Mike Letizia","NO",22,1985-02-15,1985,"6.01",200,"D","Plymouth Whalers",9,0,0,0,0,-8,0,0,0,0,0,0,0,0,12,1
"Mark Pawlowski","YES",3,1988-03-25,1988,"6.00",205,"D","Peterborough Petes",9,0,0,0,0,-2,0,0,0,0,0,0,0,0,0,1
"Brett Bellemore","YES",2,1988-06-25,1988,"6.04",186,"D","Plymouth Whalers",10,0,0,0,0,-1,0,0,0,0,0,0,0,0,0,1
"Matt Smyth","YES",11,1989-06-12,1989,"5.10",181,"RW","Brampton Battalion",10,0,0,0,0,-3,0,0,0,0,0,0,0,0,4,1
"Joshua Bailey","YES",19,1989-10-02,1989,"6.01",195,"C","Owen Sound Attack",11,0,0,0,0,-1,0,0,0,0,0,0,0,0,0,1
"John de Gray","NO",12,1988-03-14,1988,"6.04",212,"D","Brampton Battalion",11,0,0,0,0,-6,0,0,0,0,0,0,0,0,8,1
"Nick Duff","NO",5,1985-12-12,1985,"6.00",194,"D","Brampton Battalion",11,0,0,0,0,-1,0,0,0,0,0,0,0,0,14,1
"Colin Hanley","NO",8,1987-06-10,1987,"6.02",224,"RW","Owen Sound Attack",11,0,0,0,0,-1,0,0,0,0,0,0,0,0,2,1
"Trevor Koverko","NO",5,1987-03-22,1987,"6.03",217,"D","Owen Sound Attack",11,0,0,0,0,-2,0,0,0,0,0,0,0,0,18,1
"Graham McNabb","NO",16,1987-02-23,1987,"5.11",181,"C","Brampton Battalion",11,0,0,0,0,-2,0,0,0,0,0,0,0,0,6,1
"Phil Oreskovic","NO",4,1987-01-26,1987,"6.03",225,"D","Brampton Battalion",11,0,0,0,0,-6,0,0,0,0,0,0,0,0,34,1
"John Seymour","NO",20,1987-06-16,1987,"6.03",190,"LW","Brampton Battalion",11,0,0,0,0,-2,0,0,0,0,0,0,0,0,6,1
"Nolan Waker","NO",21,1985-10-06,1985,"6.02",177,"RW","Brampton Battalion",11,0,0,0,0,-2,0,0,0,0,0,0,0,0,10,1
"David Jarram","NO",7,1987-10-23,1987,"6.03",216,"RW","London Knights",12,0,0,0,0,0,0,0,0,0,0,0,0,0,12,1
"Joe Gaynor","YES",25,1989-01-05,1989,"6.03",198,"LW","Plymouth Whalers",13,0,0,0,0,0,0,0,0,0,0,0,0,0,10,1
"Shawn Haviland","NO",3,1987-01-09,1987,"6.03",215,"D","Guelph Storm",13,0,0,0,0,0,0,0,0,0,0,0,0,0,14,1
"Leigh Salters","YES",14,1989-03-27,1989,"6.04",225,"LW","Guelph Storm",13,0,0,0,0,-2,0,0,0,0,0,0,0,0,10,1
"Matt Pelech","NO",7,1987-09-04,1987,"6.04",225,"D","London Knights",19,0,0,0,0,-2,0,0,0,0,0,0,0,0,48,1
"Bryan Young","NO",5,1986-08-06,1986,"6.01",205,"D","Peterborough Petes",19,0,0,0,0,0,0,0,0,0,0,0,0,0,37,1
